image_path,embedding_index
C:\Personal\Masters\Part_time_work\NACAS\Job\Arafura\z6a\IX-12-49807_0057_0001.JPG,0
C:\Personal\Masters\Part_time_work\NACAS\Job\Arafura\z6a\IX-12-49807_0057_0002.JPG,1
C:\Personal\Masters\Part_time_work\NACAS\Job\Arafura\z6a\IX-12-49807_0057_0003.JPG,2
C:\Personal\Masters\Part_time_work\NACAS\Job\Arafura\z6a\IX-12-49807_0057_0004.JPG,3
C:\Personal\Masters\Part_time_work\NACAS\Job\Arafura\z6a\IX-12-49807_0057_0005.JPG,4
C:\Personal\Masters\Part_time_work\NACAS\Job\Arafura\z6a\IX-12-49807_0057_0006.JPG,5
C:\Personal\Masters\Part_time_work\NACAS\Job\Arafura\z6a\IX-12-49807_0057_0007.JPG,6
C:\Personal\Masters\Part_time_work\NACAS\Job\Arafura\z6a\IX-12-49807_0057_0008.JPG,7
C:\Personal\Masters\Part_time_work\NACAS\Job\Arafura\z6a\IX-12-49807_0057_0009.JPG,8
C:\Personal\Masters\Part_time_work\NACAS\Job\Arafura\z6a\IX-12-49807_0057_0010.JPG,9
C:\Personal\Masters\Part_time_work\NACAS\Job\Arafura\z6a\IX-12-49807_0057_0011.JPG,10
C:\Personal\Masters\Part_time_work\NACAS\Job\Arafura\z6a\IX-12-49807_0057_0012.JPG,11
C:\Personal\Masters\Part_time_work\NACAS\Job\Arafura\z6a\IX-12-49807_0057_0013.JPG,12
C:\Personal\Masters\Part_time_work\NACAS\Job\Arafura\z6a\IX-12-49807_0057_0014.JPG,13
C:\Personal\Masters\Part_time_work\NACAS\Job\Arafura\z6a\IX-12-49807_0057_0015.JPG,14
C:\Personal\Masters\Part_time_work\NACAS\Job\Arafura\z6a\IX-12-49807_0057_0016.JPG,15
C:\Personal\Masters\Part_time_work\NACAS\Job\Arafura\z6a\IX-12-49807_0057_0017.JPG,16
C:\Personal\Masters\Part_time_work\NACAS\Job\Arafura\z6a\IX-12-49807_0057_0018.JPG,17
C:\Personal\Masters\Part_time_work\NACAS\Job\Arafura\z6a\IX-12-49807_0057_0019.JPG,18
C:\Personal\Masters\Part_time_work\NACAS\Job\Arafura\z6a\IX-12-49807_0057_0020.JPG,19
C:\Personal\Masters\Part_time_work\NACAS\Job\Arafura\z6a\IX-12-49807_0057_0021.JPG,20
C:\Personal\Masters\Part_time_work\NACAS\Job\Arafura\z6a\IX-12-49807_0057_0022.JPG,21
C:\Personal\Masters\Part_time_work\NACAS\Job\Arafura\z6a\IX-12-49807_0057_0023.JPG,22
C:\Personal\Masters\Part_time_work\NACAS\Job\Arafura\z6a\IX-12-49807_0057_0024.JPG,23
C:\Personal\Masters\Part_time_work\NACAS\Job\Arafura\z6a\IX-12-49807_0057_0025.JPG,24
C:\Personal\Masters\Part_time_work\NACAS\Job\Arafura\z6a\IX-12-49807_0057_0026.JPG,25
C:\Personal\Masters\Part_time_work\NACAS\Job\Arafura\z6a\IX-12-49807_0057_0027.JPG,26
C:\Personal\Masters\Part_time_work\NACAS\Job\Arafura\z6a\IX-12-49807_0057_0028.JPG,27
C:\Personal\Masters\Part_time_work\NACAS\Job\Arafura\z6a\IX-12-49807_0057_0029.JPG,28
C:\Personal\Masters\Part_time_work\NACAS\Job\Arafura\z6a\IX-12-49807_0057_0030.JPG,29
C:\Personal\Masters\Part_time_work\NACAS\Job\Arafura\z6a\IX-12-49807_0057_0031.JPG,30
C:\Personal\Masters\Part_time_work\NACAS\Job\Arafura\z6a\IX-12-49807_0057_0032.JPG,31
C:\Personal\Masters\Part_time_work\NACAS\Job\Arafura\z6a\IX-12-49807_0057_0033.JPG,32
C:\Personal\Masters\Part_time_work\NACAS\Job\Arafura\z6a\IX-12-49807_0057_0034.JPG,33
C:\Personal\Masters\Part_time_work\NACAS\Job\Arafura\z6a\IX-12-49807_0057_0035.JPG,34
C:\Personal\Masters\Part_time_work\NACAS\Job\Arafura\z6a\IX-12-49807_0057_0036.JPG,35
C:\Personal\Masters\Part_time_work\NACAS\Job\Arafura\z6a\IX-12-49807_0057_0037.JPG,36
C:\Personal\Masters\Part_time_work\NACAS\Job\Arafura\z6a\IX-12-49807_0057_0038.JPG,37
C:\Personal\Masters\Part_time_work\NACAS\Job\Arafura\z6a\IX-12-49807_0057_0039.JPG,38
C:\Personal\Masters\Part_time_work\NACAS\Job\Arafura\z6a\IX-12-49807_0057_0040.JPG,39
C:\Personal\Masters\Part_time_work\NACAS\Job\Arafura\z6a\IX-12-49807_0057_0041.JPG,40
C:\Personal\Masters\Part_time_work\NACAS\Job\Arafura\z6a\IX-12-49807_0057_0042.JPG,41
C:\Personal\Masters\Part_time_work\NACAS\Job\Arafura\z6a\IX-12-49807_0057_0043.JPG,42
C:\Personal\Masters\Part_time_work\NACAS\Job\Arafura\z6a\IX-12-49807_0057_0044.JPG,43
C:\Personal\Masters\Part_time_work\NACAS\Job\Arafura\z6a\IX-12-49807_0057_0045.JPG,44
C:\Personal\Masters\Part_time_work\NACAS\Job\Arafura\z6a\IX-12-49807_0057_0046.JPG,45
C:\Personal\Masters\Part_time_work\NACAS\Job\Arafura\z6a\IX-12-49807_0057_0047.JPG,46
C:\Personal\Masters\Part_time_work\NACAS\Job\Arafura\z6a\IX-12-49807_0057_0048.JPG,47
C:\Personal\Masters\Part_time_work\NACAS\Job\Arafura\z6a\IX-12-49807_0057_0049.JPG,48
C:\Personal\Masters\Part_time_work\NACAS\Job\Arafura\z6a\IX-12-49807_0057_0050.JPG,49
C:\Personal\Masters\Part_time_work\NACAS\Job\Arafura\z6a\IX-12-49807_0057_0051.JPG,50
C:\Personal\Masters\Part_time_work\NACAS\Job\Arafura\z6a\IX-12-49807_0057_0052.JPG,51
C:\Personal\Masters\Part_time_work\NACAS\Job\Arafura\z6a\IX-12-49807_0057_0053.JPG,52
C:\Personal\Masters\Part_time_work\NACAS\Job\Arafura\z6a\IX-12-49807_0057_0054.JPG,53
C:\Personal\Masters\Part_time_work\NACAS\Job\Arafura\z6a\IX-12-49807_0057_0055.JPG,54
C:\Personal\Masters\Part_time_work\NACAS\Job\Arafura\z6a\IX-12-49807_0057_0056.JPG,55
C:\Personal\Masters\Part_time_work\NACAS\Job\Arafura\z6a\IX-12-49807_0057_0057.JPG,56
C:\Personal\Masters\Part_time_work\NACAS\Job\Arafura\z6a\IX-12-49807_0057_0058.JPG,57
C:\Personal\Masters\Part_time_work\NACAS\Job\Arafura\z6a\IX-12-49807_0057_0059.JPG,58
C:\Personal\Masters\Part_time_work\NACAS\Job\Arafura\z6a\IX-12-49807_0057_0060.JPG,59
C:\Personal\Masters\Part_time_work\NACAS\Job\Arafura\z6a\IX-12-49807_0057_0061.JPG,60
C:\Personal\Masters\Part_time_work\NACAS\Job\Arafura\z6a\IX-12-49807_0057_0062.JPG,61
C:\Personal\Masters\Part_time_work\NACAS\Job\Arafura\z6a\IX-12-49807_0057_0063.JPG,62
C:\Personal\Masters\Part_time_work\NACAS\Job\Arafura\z6a\IX-12-49807_0057_0064.JPG,63
C:\Personal\Masters\Part_time_work\NACAS\Job\Arafura\z6a\IX-12-49807_0057_0065.JPG,64
C:\Personal\Masters\Part_time_work\NACAS\Job\Arafura\z6a\IX-12-49807_0057_0066.JPG,65
C:\Personal\Masters\Part_time_work\NACAS\Job\Arafura\z6a\IX-12-49807_0057_0067.JPG,66
C:\Personal\Masters\Part_time_work\NACAS\Job\Arafura\z6a\IX-12-49807_0057_0068.JPG,67
C:\Personal\Masters\Part_time_work\NACAS\Job\Arafura\z6a\IX-12-49807_0057_0069.JPG,68
C:\Personal\Masters\Part_time_work\NACAS\Job\Arafura\z6a\IX-12-49807_0057_0070.JPG,69
C:\Personal\Masters\Part_time_work\NACAS\Job\Arafura\z6a\IX-12-49807_0057_0071.JPG,70
C:\Personal\Masters\Part_time_work\NACAS\Job\Arafura\z6a\IX-12-49807_0057_0072.JPG,71
C:\Personal\Masters\Part_time_work\NACAS\Job\Arafura\z6a\IX-12-49807_0057_0073.JPG,72
C:\Personal\Masters\Part_time_work\NACAS\Job\Arafura\z6a\IX-12-49807_0057_0074.JPG,73
C:\Personal\Masters\Part_time_work\NACAS\Job\Arafura\z6a\IX-12-49807_0057_0075.JPG,74
C:\Personal\Masters\Part_time_work\NACAS\Job\Arafura\z6a\IX-12-49807_0057_0076.JPG,75
C:\Personal\Masters\Part_time_work\NACAS\Job\Arafura\z6a\IX-12-49807_0057_0077.JPG,76
C:\Personal\Masters\Part_time_work\NACAS\Job\Arafura\z6a\IX-12-49807_0057_0078.JPG,77
C:\Personal\Masters\Part_time_work\NACAS\Job\Arafura\z6a\IX-12-49807_0057_0079.JPG,78
C:\Personal\Masters\Part_time_work\NACAS\Job\Arafura\z6a\IX-12-49807_0057_0080.JPG,79
C:\Personal\Masters\Part_time_work\NACAS\Job\Arafura\z6a\IX-12-49807_0057_0081.JPG,80
C:\Personal\Masters\Part_time_work\NACAS\Job\Arafura\z6a\IX-12-49807_0057_0082.JPG,81
C:\Personal\Masters\Part_time_work\NACAS\Job\Arafura\z6a\IX-12-49807_0057_0083.JPG,82
C:\Personal\Masters\Part_time_work\NACAS\Job\Arafura\z6a\IX-12-49807_0057_0084.JPG,83
C:\Personal\Masters\Part_time_work\NACAS\Job\Arafura\z6a\IX-12-49807_0057_0085.JPG,84
C:\Personal\Masters\Part_time_work\NACAS\Job\Arafura\z6a\IX-12-49807_0057_0086.JPG,85
C:\Personal\Masters\Part_time_work\NACAS\Job\Arafura\z6a\IX-12-49807_0057_0087.JPG,86
C:\Personal\Masters\Part_time_work\NACAS\Job\Arafura\z6a\IX-12-49807_0057_0088.JPG,87
C:\Personal\Masters\Part_time_work\NACAS\Job\Arafura\z6a\IX-12-49807_0057_0089.JPG,88
C:\Personal\Masters\Part_time_work\NACAS\Job\Arafura\z6a\IX-12-49807_0057_0090.JPG,89
C:\Personal\Masters\Part_time_work\NACAS\Job\Arafura\z6a\IX-12-49807_0057_0091.JPG,90
C:\Personal\Masters\Part_time_work\NACAS\Job\Arafura\z6a\IX-12-49807_0057_0092.JPG,91
C:\Personal\Masters\Part_time_work\NACAS\Job\Arafura\z6a\IX-12-49807_0057_0093.JPG,92
C:\Personal\Masters\Part_time_work\NACAS\Job\Arafura\z6a\IX-12-49807_0057_0094.JPG,93
C:\Personal\Masters\Part_time_work\NACAS\Job\Arafura\z6a\IX-12-49807_0057_0095.JPG,94
C:\Personal\Masters\Part_time_work\NACAS\Job\Arafura\z6a\IX-12-49807_0057_0096.JPG,95
C:\Personal\Masters\Part_time_work\NACAS\Job\Arafura\z6a\IX-12-49807_0057_0097.JPG,96
C:\Personal\Masters\Part_time_work\NACAS\Job\Arafura\z6a\IX-12-49807_0057_0098.JPG,97
C:\Personal\Masters\Part_time_work\NACAS\Job\Arafura\z6a\IX-12-49807_0057_0099.JPG,98
C:\Personal\Masters\Part_time_work\NACAS\Job\Arafura\z6a\IX-12-49807_0057_0100.JPG,99
C:\Personal\Masters\Part_time_work\NACAS\Job\Arafura\z6a\IX-12-49807_0057_0101.JPG,100
C:\Personal\Masters\Part_time_work\NACAS\Job\Arafura\z6a\IX-12-49807_0057_0102.JPG,101
C:\Personal\Masters\Part_time_work\NACAS\Job\Arafura\z6a\IX-12-49807_0057_0103.JPG,102
C:\Personal\Masters\Part_time_work\NACAS\Job\Arafura\z6a\IX-12-49807_0057_0104.JPG,103
C:\Personal\Masters\Part_time_work\NACAS\Job\Arafura\z6a\IX-12-49807_0057_0105.JPG,104
C:\Personal\Masters\Part_time_work\NACAS\Job\Arafura\z6a\IX-12-49807_0057_0106.JPG,105
C:\Personal\Masters\Part_time_work\NACAS\Job\Arafura\z6a\IX-12-49807_0057_0107.JPG,106
C:\Personal\Masters\Part_time_work\NACAS\Job\Arafura\z6a\IX-12-49807_0057_0108.JPG,107
C:\Personal\Masters\Part_time_work\NACAS\Job\Arafura\z6a\IX-12-49807_0057_0109.JPG,108
C:\Personal\Masters\Part_time_work\NACAS\Job\Arafura\z6a\IX-12-49807_0057_0110.JPG,109
C:\Personal\Masters\Part_time_work\NACAS\Job\Arafura\z6a\IX-12-49807_0057_0111.JPG,110
C:\Personal\Masters\Part_time_work\NACAS\Job\Arafura\z6a\IX-12-49807_0057_0112.JPG,111
C:\Personal\Masters\Part_time_work\NACAS\Job\Arafura\z6a\IX-12-49807_0057_0113.JPG,112
C:\Personal\Masters\Part_time_work\NACAS\Job\Arafura\z6a\IX-12-49807_0057_0114.JPG,113
C:\Personal\Masters\Part_time_work\NACAS\Job\Arafura\z6a\IX-12-49807_0057_0115.JPG,114
C:\Personal\Masters\Part_time_work\NACAS\Job\Arafura\z6a\IX-12-49807_0057_0116.JPG,115
C:\Personal\Masters\Part_time_work\NACAS\Job\Arafura\z6a\IX-12-49807_0057_0117.JPG,116
C:\Personal\Masters\Part_time_work\NACAS\Job\Arafura\z6a\IX-12-49807_0057_0118.JPG,117
C:\Personal\Masters\Part_time_work\NACAS\Job\Arafura\z6a\IX-12-49807_0057_0119.JPG,118
C:\Personal\Masters\Part_time_work\NACAS\Job\Arafura\z6a\IX-12-49807_0057_0120.JPG,119
C:\Personal\Masters\Part_time_work\NACAS\Job\Arafura\z6a\IX-12-49807_0057_0121.JPG,120
C:\Personal\Masters\Part_time_work\NACAS\Job\Arafura\z6a\IX-12-49807_0057_0122.JPG,121
C:\Personal\Masters\Part_time_work\NACAS\Job\Arafura\z6a\IX-12-49807_0057_0123.JPG,122
C:\Personal\Masters\Part_time_work\NACAS\Job\Arafura\z6a\IX-12-49807_0057_0124.JPG,123
C:\Personal\Masters\Part_time_work\NACAS\Job\Arafura\z6a\IX-12-49807_0057_0125.JPG,124
C:\Personal\Masters\Part_time_work\NACAS\Job\Arafura\z6a\IX-12-49807_0057_0126.JPG,125
C:\Personal\Masters\Part_time_work\NACAS\Job\Arafura\z6a\IX-12-49807_0057_0127.JPG,126
C:\Personal\Masters\Part_time_work\NACAS\Job\Arafura\z6a\IX-12-49807_0057_0128.JPG,127
C:\Personal\Masters\Part_time_work\NACAS\Job\Arafura\z6a\IX-12-49807_0057_0129.JPG,128
C:\Personal\Masters\Part_time_work\NACAS\Job\Arafura\z6a\IX-12-49807_0057_0130.JPG,129
C:\Personal\Masters\Part_time_work\NACAS\Job\Arafura\z6a\IX-12-49807_0057_0131.JPG,130
C:\Personal\Masters\Part_time_work\NACAS\Job\Arafura\z6a\IX-12-49807_0057_0132.JPG,131
C:\Personal\Masters\Part_time_work\NACAS\Job\Arafura\z6a\IX-12-49807_0057_0133.JPG,132
C:\Personal\Masters\Part_time_work\NACAS\Job\Arafura\z6a\IX-12-49807_0057_0134.JPG,133
C:\Personal\Masters\Part_time_work\NACAS\Job\Arafura\z6a\IX-12-49807_0057_0135.JPG,134
C:\Personal\Masters\Part_time_work\NACAS\Job\Arafura\z6a\IX-12-49807_0057_0136.JPG,135
C:\Personal\Masters\Part_time_work\NACAS\Job\Arafura\z6a\IX-12-49807_0057_0137.JPG,136
C:\Personal\Masters\Part_time_work\NACAS\Job\Arafura\z6a\IX-12-49807_0057_0138.JPG,137
C:\Personal\Masters\Part_time_work\NACAS\Job\Arafura\z6a\IX-12-49807_0057_0139.JPG,138
C:\Personal\Masters\Part_time_work\NACAS\Job\Arafura\z6a\IX-12-49807_0057_0140.JPG,139
C:\Personal\Masters\Part_time_work\NACAS\Job\Arafura\z6a\IX-12-49807_0057_0141.JPG,140
C:\Personal\Masters\Part_time_work\NACAS\Job\Arafura\z6a\IX-12-49807_0057_0142.JPG,141
C:\Personal\Masters\Part_time_work\NACAS\Job\Arafura\z6a\IX-12-49807_0057_0143.JPG,142
C:\Personal\Masters\Part_time_work\NACAS\Job\Arafura\z6a\IX-12-49807_0057_0144.JPG,143
C:\Personal\Masters\Part_time_work\NACAS\Job\Arafura\z6a\IX-12-49807_0057_0145.JPG,144
C:\Personal\Masters\Part_time_work\NACAS\Job\Arafura\z6a\IX-12-49807_0057_0146.JPG,145
C:\Personal\Masters\Part_time_work\NACAS\Job\Arafura\z6a\IX-12-49807_0057_0147.JPG,146
C:\Personal\Masters\Part_time_work\NACAS\Job\Arafura\z6a\IX-12-49807_0057_0148.JPG,147
C:\Personal\Masters\Part_time_work\NACAS\Job\Arafura\z6a\IX-12-49807_0057_0149.JPG,148
C:\Personal\Masters\Part_time_work\NACAS\Job\Arafura\z6a\IX-12-49807_0057_0150.JPG,149
C:\Personal\Masters\Part_time_work\NACAS\Job\Arafura\z6a\IX-12-49807_0057_0151.JPG,150
C:\Personal\Masters\Part_time_work\NACAS\Job\Arafura\z6a\IX-12-49807_0057_0152.JPG,151
C:\Personal\Masters\Part_time_work\NACAS\Job\Arafura\z6a\IX-12-49807_0057_0153.JPG,152
C:\Personal\Masters\Part_time_work\NACAS\Job\Arafura\z6a\IX-12-49807_0057_0154.JPG,153
C:\Personal\Masters\Part_time_work\NACAS\Job\Arafura\z6a\IX-12-49807_0057_0155.JPG,154
C:\Personal\Masters\Part_time_work\NACAS\Job\Arafura\z6a\IX-12-49807_0057_0156.JPG,155
C:\Personal\Masters\Part_time_work\NACAS\Job\Arafura\z6a\IX-12-49807_0057_0157.JPG,156
C:\Personal\Masters\Part_time_work\NACAS\Job\Arafura\z6a\IX-12-49807_0057_0158.JPG,157
C:\Personal\Masters\Part_time_work\NACAS\Job\Arafura\z6a\IX-12-49807_0057_0159.JPG,158
C:\Personal\Masters\Part_time_work\NACAS\Job\Arafura\z6a\IX-12-49807_0057_0160.JPG,159
C:\Personal\Masters\Part_time_work\NACAS\Job\Arafura\z6a\IX-12-49807_0057_0161.JPG,160
C:\Personal\Masters\Part_time_work\NACAS\Job\Arafura\z6a\IX-12-49807_0057_0162.JPG,161
C:\Personal\Masters\Part_time_work\NACAS\Job\Arafura\z6a\IX-12-49807_0057_0163.JPG,162
C:\Personal\Masters\Part_time_work\NACAS\Job\Arafura\z6a\IX-12-49807_0057_0164.JPG,163
C:\Personal\Masters\Part_time_work\NACAS\Job\Arafura\z6a\IX-12-49807_0057_0165.JPG,164
C:\Personal\Masters\Part_time_work\NACAS\Job\Arafura\z6a\IX-12-49807_0057_0166.JPG,165
C:\Personal\Masters\Part_time_work\NACAS\Job\Arafura\z6a\IX-12-49807_0057_0167.JPG,166
C:\Personal\Masters\Part_time_work\NACAS\Job\Arafura\z6a\IX-12-49807_0057_0168.JPG,167
C:\Personal\Masters\Part_time_work\NACAS\Job\Arafura\z6a\IX-12-49807_0057_0169.JPG,168
C:\Personal\Masters\Part_time_work\NACAS\Job\Arafura\z6a\IX-12-49807_0057_0170.JPG,169
C:\Personal\Masters\Part_time_work\NACAS\Job\Arafura\z6a\IX-12-49807_0057_0171.JPG,170
C:\Personal\Masters\Part_time_work\NACAS\Job\Arafura\z6a\IX-12-49807_0057_0172.JPG,171
C:\Personal\Masters\Part_time_work\NACAS\Job\Arafura\z6a\IX-12-49807_0057_0173.JPG,172
C:\Personal\Masters\Part_time_work\NACAS\Job\Arafura\z6a\IX-12-49807_0057_0174.JPG,173
C:\Personal\Masters\Part_time_work\NACAS\Job\Arafura\z6a\IX-12-49807_0057_0175.JPG,174
C:\Personal\Masters\Part_time_work\NACAS\Job\Arafura\z6a\IX-12-49807_0057_0176.JPG,175
C:\Personal\Masters\Part_time_work\NACAS\Job\Arafura\z6a\IX-12-49807_0057_0177.JPG,176
C:\Personal\Masters\Part_time_work\NACAS\Job\Arafura\z6a\IX-12-49807_0057_0178.JPG,177
C:\Personal\Masters\Part_time_work\NACAS\Job\Arafura\z6a\IX-12-49807_0057_0179.JPG,178
C:\Personal\Masters\Part_time_work\NACAS\Job\Arafura\z6a\IX-12-49807_0057_0180.JPG,179
C:\Personal\Masters\Part_time_work\NACAS\Job\Arafura\z6a\IX-12-49807_0057_0181.JPG,180
C:\Personal\Masters\Part_time_work\NACAS\Job\Arafura\z6a\IX-12-49807_0057_0182.JPG,181
C:\Personal\Masters\Part_time_work\NACAS\Job\Arafura\z6a\IX-12-49807_0057_0183.JPG,182
C:\Personal\Masters\Part_time_work\NACAS\Job\Arafura\z6a\IX-12-49807_0057_0184.JPG,183
C:\Personal\Masters\Part_time_work\NACAS\Job\Arafura\z6a\IX-12-49807_0057_0185.JPG,184
C:\Personal\Masters\Part_time_work\NACAS\Job\Arafura\z6a\IX-12-49807_0057_0186.JPG,185
C:\Personal\Masters\Part_time_work\NACAS\Job\Arafura\z6a\IX-12-49807_0057_0187.JPG,186
C:\Personal\Masters\Part_time_work\NACAS\Job\Arafura\z6a\IX-12-49807_0057_0188.JPG,187
C:\Personal\Masters\Part_time_work\NACAS\Job\Arafura\z6a\IX-12-49807_0057_0189.JPG,188
C:\Personal\Masters\Part_time_work\NACAS\Job\Arafura\z6a\IX-12-49807_0057_0190.JPG,189
C:\Personal\Masters\Part_time_work\NACAS\Job\Arafura\z6a\IX-12-49807_0057_0191.JPG,190
C:\Personal\Masters\Part_time_work\NACAS\Job\Arafura\z6a\IX-12-49807_0057_0192.JPG,191
C:\Personal\Masters\Part_time_work\NACAS\Job\Arafura\z6a\IX-12-49807_0057_0193.JPG,192
C:\Personal\Masters\Part_time_work\NACAS\Job\Arafura\z6a\IX-12-49807_0057_0194.JPG,193
C:\Personal\Masters\Part_time_work\NACAS\Job\Arafura\z6a\IX-12-49807_0057_0195.JPG,194
C:\Personal\Masters\Part_time_work\NACAS\Job\Arafura\z6a\IX-12-49807_0057_0196.JPG,195
C:\Personal\Masters\Part_time_work\NACAS\Job\Arafura\z6a\IX-12-49807_0057_0197.JPG,196
C:\Personal\Masters\Part_time_work\NACAS\Job\Arafura\z6a\IX-12-49807_0057_0198.JPG,197
C:\Personal\Masters\Part_time_work\NACAS\Job\Arafura\z6a\IX-12-49807_0057_0199.JPG,198
C:\Personal\Masters\Part_time_work\NACAS\Job\Arafura\z6a\IX-12-49807_0057_0200.JPG,199
C:\Personal\Masters\Part_time_work\NACAS\Job\Arafura\z6a\IX-12-49807_0057_0201.JPG,200
C:\Personal\Masters\Part_time_work\NACAS\Job\Arafura\z6a\IX-12-49807_0057_0202.JPG,201
C:\Personal\Masters\Part_time_work\NACAS\Job\Arafura\z6a\IX-12-49807_0057_0203.JPG,202
C:\Personal\Masters\Part_time_work\NACAS\Job\Arafura\z6a\IX-12-49807_0057_0204.JPG,203
C:\Personal\Masters\Part_time_work\NACAS\Job\Arafura\z6a\IX-12-49807_0057_0205.JPG,204
C:\Personal\Masters\Part_time_work\NACAS\Job\Arafura\z6a\IX-12-49807_0057_0206.JPG,205
C:\Personal\Masters\Part_time_work\NACAS\Job\Arafura\z6a\IX-12-49807_0057_0207.JPG,206
C:\Personal\Masters\Part_time_work\NACAS\Job\Arafura\z6a\IX-12-49807_0057_0208.JPG,207
C:\Personal\Masters\Part_time_work\NACAS\Job\Arafura\z6a\IX-12-49807_0057_0209.JPG,208
C:\Personal\Masters\Part_time_work\NACAS\Job\Arafura\z6a\IX-12-49807_0057_0210.JPG,209
C:\Personal\Masters\Part_time_work\NACAS\Job\Arafura\z6a\IX-12-49807_0057_0211.JPG,210
C:\Personal\Masters\Part_time_work\NACAS\Job\Arafura\z6a\IX-12-49807_0057_0212.JPG,211
C:\Personal\Masters\Part_time_work\NACAS\Job\Arafura\z6a\IX-12-49807_0057_0213.JPG,212
C:\Personal\Masters\Part_time_work\NACAS\Job\Arafura\z6a\IX-12-49807_0057_0214.JPG,213
C:\Personal\Masters\Part_time_work\NACAS\Job\Arafura\z6a\IX-12-49807_0057_0215.JPG,214
C:\Personal\Masters\Part_time_work\NACAS\Job\Arafura\z6a\IX-12-49807_0057_0216.JPG,215
C:\Personal\Masters\Part_time_work\NACAS\Job\Arafura\z6a\IX-12-49807_0057_0217.JPG,216
C:\Personal\Masters\Part_time_work\NACAS\Job\Arafura\z6a\IX-12-49807_0057_0218.JPG,217
C:\Personal\Masters\Part_time_work\NACAS\Job\Arafura\z6a\IX-12-49807_0057_0219.JPG,218
C:\Personal\Masters\Part_time_work\NACAS\Job\Arafura\z6a\IX-12-49807_0057_0220.JPG,219
C:\Personal\Masters\Part_time_work\NACAS\Job\Arafura\z6a\IX-12-49807_0057_0221.JPG,220
C:\Personal\Masters\Part_time_work\NACAS\Job\Arafura\z6a\IX-12-49807_0057_0222.JPG,221
C:\Personal\Masters\Part_time_work\NACAS\Job\Arafura\z6a\IX-12-49807_0057_0223.JPG,222
C:\Personal\Masters\Part_time_work\NACAS\Job\Arafura\z6a\IX-12-49807_0057_0224.JPG,223
C:\Personal\Masters\Part_time_work\NACAS\Job\Arafura\z6a\IX-12-49807_0057_0225.JPG,224
C:\Personal\Masters\Part_time_work\NACAS\Job\Arafura\z6a\IX-12-49807_0057_0226.JPG,225
C:\Personal\Masters\Part_time_work\NACAS\Job\Arafura\z6a\IX-12-49807_0057_0227.JPG,226
C:\Personal\Masters\Part_time_work\NACAS\Job\Arafura\z6a\IX-12-49807_0057_0228.JPG,227
C:\Personal\Masters\Part_time_work\NACAS\Job\Arafura\z6a\IX-12-49807_0057_0229.JPG,228
C:\Personal\Masters\Part_time_work\NACAS\Job\Arafura\z6a\IX-12-49807_0057_0230.JPG,229
C:\Personal\Masters\Part_time_work\NACAS\Job\Arafura\z6a\IX-12-49807_0057_0231.JPG,230
C:\Personal\Masters\Part_time_work\NACAS\Job\Arafura\z6a\IX-12-49807_0057_0232.JPG,231
C:\Personal\Masters\Part_time_work\NACAS\Job\Arafura\z6a\IX-12-49807_0057_0233.JPG,232
C:\Personal\Masters\Part_time_work\NACAS\Job\Arafura\z6a\IX-12-49807_0057_0234.JPG,233
C:\Personal\Masters\Part_time_work\NACAS\Job\Arafura\z6a\IX-12-49807_0057_0235.JPG,234
C:\Personal\Masters\Part_time_work\NACAS\Job\Arafura\z6a\IX-12-49807_0057_0236.JPG,235
C:\Personal\Masters\Part_time_work\NACAS\Job\Arafura\z6a\IX-12-49807_0057_0237.JPG,236
C:\Personal\Masters\Part_time_work\NACAS\Job\Arafura\z6a\IX-12-49807_0057_0238.JPG,237
C:\Personal\Masters\Part_time_work\NACAS\Job\Arafura\z6a\IX-12-49807_0057_0239.JPG,238
C:\Personal\Masters\Part_time_work\NACAS\Job\Arafura\z6a\IX-12-49807_0057_0240.JPG,239
C:\Personal\Masters\Part_time_work\NACAS\Job\Arafura\z6a\IX-12-49807_0057_0241.JPG,240
C:\Personal\Masters\Part_time_work\NACAS\Job\Arafura\z6a\IX-12-49807_0057_0242.JPG,241
C:\Personal\Masters\Part_time_work\NACAS\Job\Arafura\z6a\IX-12-49807_0057_0243.JPG,242
C:\Personal\Masters\Part_time_work\NACAS\Job\Arafura\z6a\IX-12-49807_0057_0244.JPG,243
C:\Personal\Masters\Part_time_work\NACAS\Job\Arafura\z6a\IX-12-49807_0057_0245.JPG,244
C:\Personal\Masters\Part_time_work\NACAS\Job\Arafura\z6a\IX-12-49807_0057_0246.JPG,245
C:\Personal\Masters\Part_time_work\NACAS\Job\Arafura\z6a\IX-12-49807_0057_0247.JPG,246
C:\Personal\Masters\Part_time_work\NACAS\Job\Arafura\z6a\IX-12-49807_0057_0248.JPG,247
C:\Personal\Masters\Part_time_work\NACAS\Job\Arafura\z6a\IX-12-49807_0057_0249.JPG,248
C:\Personal\Masters\Part_time_work\NACAS\Job\Arafura\z6a\IX-12-49807_0057_0250.JPG,249
C:\Personal\Masters\Part_time_work\NACAS\Job\Arafura\z6a\IX-12-49807_0057_0251.JPG,250
C:\Personal\Masters\Part_time_work\NACAS\Job\Arafura\z6a\IX-12-49807_0057_0252.JPG,251
C:\Personal\Masters\Part_time_work\NACAS\Job\Arafura\z6a\IX-12-49807_0057_0253.JPG,252
C:\Personal\Masters\Part_time_work\NACAS\Job\Arafura\z6a\IX-12-49807_0057_0254.JPG,253
C:\Personal\Masters\Part_time_work\NACAS\Job\Arafura\z6a\IX-12-49807_0057_0255.JPG,254
C:\Personal\Masters\Part_time_work\NACAS\Job\Arafura\z6a\IX-12-49807_0057_0256.JPG,255
C:\Personal\Masters\Part_time_work\NACAS\Job\Arafura\z6a\IX-12-49807_0057_0257.JPG,256
C:\Personal\Masters\Part_time_work\NACAS\Job\Arafura\z6a\IX-12-49807_0057_0258.JPG,257
C:\Personal\Masters\Part_time_work\NACAS\Job\Arafura\z6a\IX-12-49807_0057_0259.JPG,258
C:\Personal\Masters\Part_time_work\NACAS\Job\Arafura\z6a\IX-12-49807_0057_0260.JPG,259
C:\Personal\Masters\Part_time_work\NACAS\Job\Arafura\z6a\IX-12-49807_0057_0261.JPG,260
C:\Personal\Masters\Part_time_work\NACAS\Job\Arafura\z6a\IX-12-49807_0057_0262.JPG,261
C:\Personal\Masters\Part_time_work\NACAS\Job\Arafura\z6a\IX-12-49807_0057_0263.JPG,262
C:\Personal\Masters\Part_time_work\NACAS\Job\Arafura\z6a\IX-12-49807_0057_0264.JPG,263
C:\Personal\Masters\Part_time_work\NACAS\Job\Arafura\z6a\IX-12-49807_0057_0265.JPG,264
C:\Personal\Masters\Part_time_work\NACAS\Job\Arafura\z6a\IX-12-49807_0057_0266.JPG,265
C:\Personal\Masters\Part_time_work\NACAS\Job\Arafura\z6a\IX-12-49807_0057_0267.JPG,266
C:\Personal\Masters\Part_time_work\NACAS\Job\Arafura\z6a\IX-12-49807_0057_0268.JPG,267
C:\Personal\Masters\Part_time_work\NACAS\Job\Arafura\z6a\IX-12-49807_0057_0269.JPG,268
C:\Personal\Masters\Part_time_work\NACAS\Job\Arafura\z6a\IX-12-49807_0057_0270.JPG,269
C:\Personal\Masters\Part_time_work\NACAS\Job\Arafura\z6a\IX-12-49807_0057_0271.JPG,270
C:\Personal\Masters\Part_time_work\NACAS\Job\Arafura\z6a\IX-12-49807_0057_0272.JPG,271
C:\Personal\Masters\Part_time_work\NACAS\Job\Arafura\z6a\IX-12-49807_0057_0273.JPG,272
C:\Personal\Masters\Part_time_work\NACAS\Job\Arafura\z6a\IX-12-49807_0057_0274.JPG,273
C:\Personal\Masters\Part_time_work\NACAS\Job\Arafura\z6a\IX-12-49807_0057_0275.JPG,274
C:\Personal\Masters\Part_time_work\NACAS\Job\Arafura\z6a\IX-12-49807_0057_0276.JPG,275
C:\Personal\Masters\Part_time_work\NACAS\Job\Arafura\z6a\IX-12-49807_0057_0277.JPG,276
C:\Personal\Masters\Part_time_work\NACAS\Job\Arafura\z6a\IX-12-49807_0057_0278.JPG,277
C:\Personal\Masters\Part_time_work\NACAS\Job\Arafura\z6a\IX-12-49807_0057_0279.JPG,278
C:\Personal\Masters\Part_time_work\NACAS\Job\Arafura\z6a\IX-12-49807_0057_0280.JPG,279
C:\Personal\Masters\Part_time_work\NACAS\Job\Arafura\z6a\IX-12-49807_0057_0281.JPG,280
C:\Personal\Masters\Part_time_work\NACAS\Job\Arafura\z6a\IX-12-49807_0057_0282.JPG,281
C:\Personal\Masters\Part_time_work\NACAS\Job\Arafura\z6a\IX-12-49807_0057_0283.JPG,282
C:\Personal\Masters\Part_time_work\NACAS\Job\Arafura\z6a\IX-12-49807_0057_0284.JPG,283
C:\Personal\Masters\Part_time_work\NACAS\Job\Arafura\z6a\IX-12-49807_0057_0285.JPG,284
C:\Personal\Masters\Part_time_work\NACAS\Job\Arafura\z6a\IX-12-49807_0057_0286.JPG,285
C:\Personal\Masters\Part_time_work\NACAS\Job\Arafura\z6a\IX-12-49807_0057_0287.JPG,286
C:\Personal\Masters\Part_time_work\NACAS\Job\Arafura\z6a\IX-12-49807_0057_0288.JPG,287
C:\Personal\Masters\Part_time_work\NACAS\Job\Arafura\z6a\IX-12-49807_0057_0289.JPG,288
C:\Personal\Masters\Part_time_work\NACAS\Job\Arafura\z6a\IX-12-49807_0057_0290.JPG,289
C:\Personal\Masters\Part_time_work\NACAS\Job\Arafura\z6a\IX-12-49807_0057_0291.JPG,290
C:\Personal\Masters\Part_time_work\NACAS\Job\Arafura\z6a\IX-12-49807_0057_0292.JPG,291
C:\Personal\Masters\Part_time_work\NACAS\Job\Arafura\z6a\IX-12-49807_0057_0293.JPG,292
C:\Personal\Masters\Part_time_work\NACAS\Job\Arafura\z6a\IX-12-49807_0057_0294.JPG,293
C:\Personal\Masters\Part_time_work\NACAS\Job\Arafura\z6a\IX-12-49807_0057_0295.JPG,294
C:\Personal\Masters\Part_time_work\NACAS\Job\Arafura\z6a\IX-12-49807_0057_0296.JPG,295
C:\Personal\Masters\Part_time_work\NACAS\Job\Arafura\z6a\IX-12-49807_0057_0297.JPG,296
C:\Personal\Masters\Part_time_work\NACAS\Job\Arafura\z6a\IX-12-49807_0057_0298.JPG,297
C:\Personal\Masters\Part_time_work\NACAS\Job\Arafura\z6a\IX-12-49807_0057_0299.JPG,298
C:\Personal\Masters\Part_time_work\NACAS\Job\Arafura\z6a\IX-12-49807_0057_0300.JPG,299
C:\Personal\Masters\Part_time_work\NACAS\Job\Arafura\z6a\IX-12-49807_0057_0301.JPG,300
C:\Personal\Masters\Part_time_work\NACAS\Job\Arafura\z6a\IX-12-49807_0057_0302.JPG,301
C:\Personal\Masters\Part_time_work\NACAS\Job\Arafura\z6a\IX-12-49807_0057_0303.JPG,302
C:\Personal\Masters\Part_time_work\NACAS\Job\Arafura\z6a\IX-12-49807_0057_0304.JPG,303
C:\Personal\Masters\Part_time_work\NACAS\Job\Arafura\z6a\IX-12-49807_0057_0305.JPG,304
C:\Personal\Masters\Part_time_work\NACAS\Job\Arafura\z6a\IX-12-49807_0057_0306.JPG,305
C:\Personal\Masters\Part_time_work\NACAS\Job\Arafura\z6a\IX-12-49807_0057_0307.JPG,306
C:\Personal\Masters\Part_time_work\NACAS\Job\Arafura\z6a\IX-12-49807_0057_0308.JPG,307
C:\Personal\Masters\Part_time_work\NACAS\Job\Arafura\z6a\IX-12-49807_0057_0309.JPG,308
C:\Personal\Masters\Part_time_work\NACAS\Job\Arafura\z6a\IX-12-49807_0057_0310.JPG,309
C:\Personal\Masters\Part_time_work\NACAS\Job\Arafura\z6a\IX-12-49807_0057_0311.JPG,310
C:\Personal\Masters\Part_time_work\NACAS\Job\Arafura\z6a\IX-12-49807_0057_0312.JPG,311
C:\Personal\Masters\Part_time_work\NACAS\Job\Arafura\z6a\IX-12-49807_0057_0313.JPG,312
C:\Personal\Masters\Part_time_work\NACAS\Job\Arafura\z6a\IX-12-49807_0057_0314.JPG,313
C:\Personal\Masters\Part_time_work\NACAS\Job\Arafura\z6a\IX-12-49807_0057_0315.JPG,314
C:\Personal\Masters\Part_time_work\NACAS\Job\Arafura\z6a\IX-12-49807_0057_0316.JPG,315
C:\Personal\Masters\Part_time_work\NACAS\Job\Arafura\z6a\IX-12-49807_0057_0317.JPG,316
C:\Personal\Masters\Part_time_work\NACAS\Job\Arafura\z6a\IX-12-49807_0057_0318.JPG,317
C:\Personal\Masters\Part_time_work\NACAS\Job\Arafura\z6a\IX-12-49807_0057_0319.JPG,318
C:\Personal\Masters\Part_time_work\NACAS\Job\Arafura\z6a\IX-12-49807_0057_0320.JPG,319
C:\Personal\Masters\Part_time_work\NACAS\Job\Arafura\z6a\IX-12-49807_0057_0321.JPG,320
C:\Personal\Masters\Part_time_work\NACAS\Job\Arafura\z6a\IX-12-49807_0057_0322.JPG,321
C:\Personal\Masters\Part_time_work\NACAS\Job\Arafura\z6a\IX-12-49807_0057_0323.JPG,322
C:\Personal\Masters\Part_time_work\NACAS\Job\Arafura\z6a\IX-12-49807_0057_0324.JPG,323
C:\Personal\Masters\Part_time_work\NACAS\Job\Arafura\z6a\IX-12-49807_0057_0325.JPG,324
C:\Personal\Masters\Part_time_work\NACAS\Job\Arafura\z6a\IX-12-49807_0057_0326.JPG,325
C:\Personal\Masters\Part_time_work\NACAS\Job\Arafura\z6a\IX-12-49807_0057_0327.JPG,326
C:\Personal\Masters\Part_time_work\NACAS\Job\Arafura\z6a\IX-12-49807_0057_0328.JPG,327
C:\Personal\Masters\Part_time_work\NACAS\Job\Arafura\z6a\IX-12-49807_0057_0329.JPG,328
C:\Personal\Masters\Part_time_work\NACAS\Job\Arafura\z6a\IX-12-49807_0057_0330.JPG,329
C:\Personal\Masters\Part_time_work\NACAS\Job\Arafura\z6a\IX-12-49807_0057_0331.JPG,330
C:\Personal\Masters\Part_time_work\NACAS\Job\Arafura\z6a\IX-12-49807_0057_0332.JPG,331
C:\Personal\Masters\Part_time_work\NACAS\Job\Arafura\z6a\IX-12-49807_0057_0333.JPG,332
C:\Personal\Masters\Part_time_work\NACAS\Job\Arafura\z6a\IX-12-49807_0057_0334.JPG,333
C:\Personal\Masters\Part_time_work\NACAS\Job\Arafura\z6a\IX-12-49807_0057_0335.JPG,334
C:\Personal\Masters\Part_time_work\NACAS\Job\Arafura\z6a\IX-12-49807_0057_0336.JPG,335
C:\Personal\Masters\Part_time_work\NACAS\Job\Arafura\z6a\IX-12-49807_0057_0337.JPG,336
C:\Personal\Masters\Part_time_work\NACAS\Job\Arafura\z6a\IX-12-49807_0057_0338.JPG,337
C:\Personal\Masters\Part_time_work\NACAS\Job\Arafura\z6a\IX-12-49807_0057_0339.JPG,338
C:\Personal\Masters\Part_time_work\NACAS\Job\Arafura\z6a\IX-12-49807_0057_0340.JPG,339
C:\Personal\Masters\Part_time_work\NACAS\Job\Arafura\z6a\IX-12-49807_0057_0341.JPG,340
C:\Personal\Masters\Part_time_work\NACAS\Job\Arafura\z6a\IX-12-49807_0057_0342.JPG,341
C:\Personal\Masters\Part_time_work\NACAS\Job\Arafura\z6a\IX-12-49807_0057_0343.JPG,342
C:\Personal\Masters\Part_time_work\NACAS\Job\Arafura\z6a\IX-12-49807_0057_0344.JPG,343
C:\Personal\Masters\Part_time_work\NACAS\Job\Arafura\z6a\IX-12-49807_0057_0345.JPG,344
C:\Personal\Masters\Part_time_work\NACAS\Job\Arafura\z6a\IX-12-49807_0057_0346.JPG,345
C:\Personal\Masters\Part_time_work\NACAS\Job\Arafura\z6a\IX-12-49807_0057_0347.JPG,346
C:\Personal\Masters\Part_time_work\NACAS\Job\Arafura\z6a\IX-12-49807_0057_0348.JPG,347
C:\Personal\Masters\Part_time_work\NACAS\Job\Arafura\z6a\IX-12-49807_0057_0349.JPG,348
C:\Personal\Masters\Part_time_work\NACAS\Job\Arafura\z6a\IX-12-49807_0057_0350.JPG,349
C:\Personal\Masters\Part_time_work\NACAS\Job\Arafura\z6a\IX-12-49807_0057_0351.JPG,350
C:\Personal\Masters\Part_time_work\NACAS\Job\Arafura\z6a\IX-12-49807_0057_0352.JPG,351
C:\Personal\Masters\Part_time_work\NACAS\Job\Arafura\z6a\IX-12-49807_0057_0353.JPG,352
C:\Personal\Masters\Part_time_work\NACAS\Job\Arafura\z6a\IX-12-49807_0057_0354.JPG,353
C:\Personal\Masters\Part_time_work\NACAS\Job\Arafura\z6a\IX-12-49807_0057_0355.JPG,354
C:\Personal\Masters\Part_time_work\NACAS\Job\Arafura\z6a\IX-12-49807_0057_0356.JPG,355
C:\Personal\Masters\Part_time_work\NACAS\Job\Arafura\z6a\IX-12-49807_0057_0357.JPG,356
C:\Personal\Masters\Part_time_work\NACAS\Job\Arafura\z6a\IX-12-49807_0057_0358.JPG,357
C:\Personal\Masters\Part_time_work\NACAS\Job\Arafura\z6a\IX-12-49807_0057_0359.JPG,358
C:\Personal\Masters\Part_time_work\NACAS\Job\Arafura\z6a\IX-12-49807_0057_0360.JPG,359
C:\Personal\Masters\Part_time_work\NACAS\Job\Arafura\z6a\IX-12-49807_0057_0361.JPG,360
C:\Personal\Masters\Part_time_work\NACAS\Job\Arafura\z6a\IX-12-49807_0057_0362.JPG,361
C:\Personal\Masters\Part_time_work\NACAS\Job\Arafura\z6a\IX-12-49807_0057_0363.JPG,362
C:\Personal\Masters\Part_time_work\NACAS\Job\Arafura\z6a\IX-12-49807_0057_0364.JPG,363
C:\Personal\Masters\Part_time_work\NACAS\Job\Arafura\z6a\IX-12-49807_0057_0365.JPG,364
C:\Personal\Masters\Part_time_work\NACAS\Job\Arafura\z6a\IX-12-49807_0057_0366.JPG,365
C:\Personal\Masters\Part_time_work\NACAS\Job\Arafura\z6a\IX-12-49807_0057_0367.JPG,366
C:\Personal\Masters\Part_time_work\NACAS\Job\Arafura\z6a\IX-12-49807_0057_0368.JPG,367
C:\Personal\Masters\Part_time_work\NACAS\Job\Arafura\z6a\IX-12-49807_0057_0369.JPG,368
C:\Personal\Masters\Part_time_work\NACAS\Job\Arafura\z6a\IX-12-49807_0057_0370.JPG,369
C:\Personal\Masters\Part_time_work\NACAS\Job\Arafura\z6a\IX-12-49807_0057_0371.JPG,370
C:\Personal\Masters\Part_time_work\NACAS\Job\Arafura\z6a\IX-12-49807_0057_0372.JPG,371
C:\Personal\Masters\Part_time_work\NACAS\Job\Arafura\z6a\IX-12-49807_0057_0373.JPG,372
C:\Personal\Masters\Part_time_work\NACAS\Job\Arafura\z6a\IX-12-49807_0057_0374.JPG,373
C:\Personal\Masters\Part_time_work\NACAS\Job\Arafura\z6a\IX-12-49807_0057_0375.JPG,374
C:\Personal\Masters\Part_time_work\NACAS\Job\Arafura\z6a\IX-12-49807_0057_0376.JPG,375
C:\Personal\Masters\Part_time_work\NACAS\Job\Arafura\z6a\IX-12-49807_0057_0377.JPG,376
C:\Personal\Masters\Part_time_work\NACAS\Job\Arafura\z6a\IX-12-49807_0057_0378.JPG,377
C:\Personal\Masters\Part_time_work\NACAS\Job\Arafura\z6a\IX-12-49807_0057_0379.JPG,378
C:\Personal\Masters\Part_time_work\NACAS\Job\Arafura\z6a\IX-12-49807_0057_0380.JPG,379
C:\Personal\Masters\Part_time_work\NACAS\Job\Arafura\z6a\IX-12-49807_0057_0381.JPG,380
C:\Personal\Masters\Part_time_work\NACAS\Job\Arafura\z6a\IX-12-49807_0057_0382.JPG,381
C:\Personal\Masters\Part_time_work\NACAS\Job\Arafura\z6a\IX-12-49807_0057_0383.JPG,382
C:\Personal\Masters\Part_time_work\NACAS\Job\Arafura\z6a\IX-12-49807_0057_0384.JPG,383
C:\Personal\Masters\Part_time_work\NACAS\Job\Arafura\z6a\IX-12-49807_0057_0385.JPG,384
C:\Personal\Masters\Part_time_work\NACAS\Job\Arafura\z6a\IX-12-49807_0057_0386.JPG,385
C:\Personal\Masters\Part_time_work\NACAS\Job\Arafura\z6a\IX-12-49807_0057_0387.JPG,386
C:\Personal\Masters\Part_time_work\NACAS\Job\Arafura\z6a\IX-12-49807_0057_0388.JPG,387
C:\Personal\Masters\Part_time_work\NACAS\Job\Arafura\z6a\IX-12-49807_0057_0389.JPG,388
C:\Personal\Masters\Part_time_work\NACAS\Job\Arafura\z6a\IX-12-49807_0057_0390.JPG,389
C:\Personal\Masters\Part_time_work\NACAS\Job\Arafura\z6a\IX-12-49807_0057_0391.JPG,390
C:\Personal\Masters\Part_time_work\NACAS\Job\Arafura\z6a\IX-12-49807_0057_0392.JPG,391
C:\Personal\Masters\Part_time_work\NACAS\Job\Arafura\z6a\IX-12-49807_0057_0393.JPG,392
C:\Personal\Masters\Part_time_work\NACAS\Job\Arafura\z6a\IX-12-49807_0057_0394.JPG,393
C:\Personal\Masters\Part_time_work\NACAS\Job\Arafura\z6a\IX-12-49807_0057_0395.JPG,394
C:\Personal\Masters\Part_time_work\NACAS\Job\Arafura\z6a\IX-12-49807_0057_0396.JPG,395
C:\Personal\Masters\Part_time_work\NACAS\Job\Arafura\z6a\IX-12-49807_0057_0397.JPG,396
C:\Personal\Masters\Part_time_work\NACAS\Job\Arafura\z6a\IX-12-49807_0057_0398.JPG,397
C:\Personal\Masters\Part_time_work\NACAS\Job\Arafura\z6a\IX-12-49807_0057_0399.JPG,398
C:\Personal\Masters\Part_time_work\NACAS\Job\Arafura\z6a\IX-12-49807_0057_0400.JPG,399
C:\Personal\Masters\Part_time_work\NACAS\Job\Arafura\z6a\IX-12-49807_0057_0401.JPG,400
C:\Personal\Masters\Part_time_work\NACAS\Job\Arafura\z6a\IX-12-49807_0057_0402.JPG,401
C:\Personal\Masters\Part_time_work\NACAS\Job\Arafura\z6a\IX-12-49807_0057_0403.JPG,402
C:\Personal\Masters\Part_time_work\NACAS\Job\Arafura\z6a\IX-12-49807_0057_0404.JPG,403
C:\Personal\Masters\Part_time_work\NACAS\Job\Arafura\z6a\IX-12-49807_0057_0405.JPG,404
C:\Personal\Masters\Part_time_work\NACAS\Job\Arafura\z6a\IX-12-49807_0057_0406.JPG,405
C:\Personal\Masters\Part_time_work\NACAS\Job\Arafura\z6a\IX-12-49807_0057_0407.JPG,406
C:\Personal\Masters\Part_time_work\NACAS\Job\Arafura\z6a\IX-12-49807_0057_0408.JPG,407
C:\Personal\Masters\Part_time_work\NACAS\Job\Arafura\z6a\IX-12-49807_0057_0409.JPG,408
C:\Personal\Masters\Part_time_work\NACAS\Job\Arafura\z6a\IX-12-49807_0057_0410.JPG,409
C:\Personal\Masters\Part_time_work\NACAS\Job\Arafura\z6a\IX-12-49807_0057_0411.JPG,410
C:\Personal\Masters\Part_time_work\NACAS\Job\Arafura\z6a\IX-12-49807_0057_0412.JPG,411
C:\Personal\Masters\Part_time_work\NACAS\Job\Arafura\z6a\IX-12-49807_0057_0413.JPG,412
C:\Personal\Masters\Part_time_work\NACAS\Job\Arafura\z6a\IX-12-49807_0057_0414.JPG,413
C:\Personal\Masters\Part_time_work\NACAS\Job\Arafura\z6a\IX-12-49807_0057_0415.JPG,414
C:\Personal\Masters\Part_time_work\NACAS\Job\Arafura\z6a\IX-12-49807_0057_0416.JPG,415
C:\Personal\Masters\Part_time_work\NACAS\Job\Arafura\z6a\IX-12-49807_0057_0417.JPG,416
C:\Personal\Masters\Part_time_work\NACAS\Job\Arafura\z6a\IX-12-49807_0057_0418.JPG,417
C:\Personal\Masters\Part_time_work\NACAS\Job\Arafura\z6a\IX-12-49807_0057_0419.JPG,418
C:\Personal\Masters\Part_time_work\NACAS\Job\Arafura\z6a\IX-12-49807_0057_0420.JPG,419
C:\Personal\Masters\Part_time_work\NACAS\Job\Arafura\z6a\IX-12-49807_0057_0421.JPG,420
C:\Personal\Masters\Part_time_work\NACAS\Job\Arafura\z6a\IX-12-49807_0057_0422.JPG,421
C:\Personal\Masters\Part_time_work\NACAS\Job\Arafura\z6a\IX-12-49807_0057_0423.JPG,422
C:\Personal\Masters\Part_time_work\NACAS\Job\Arafura\z6a\IX-12-49807_0057_0424.JPG,423
C:\Personal\Masters\Part_time_work\NACAS\Job\Arafura\z6a\IX-12-49807_0057_0425.JPG,424
C:\Personal\Masters\Part_time_work\NACAS\Job\Arafura\z6a\IX-12-49807_0057_0426.JPG,425
C:\Personal\Masters\Part_time_work\NACAS\Job\Arafura\z6a\IX-12-49807_0057_0427.JPG,426
C:\Personal\Masters\Part_time_work\NACAS\Job\Arafura\z6a\IX-12-49807_0057_0428.JPG,427
C:\Personal\Masters\Part_time_work\NACAS\Job\Arafura\z6a\IX-12-49807_0057_0429.JPG,428
C:\Personal\Masters\Part_time_work\NACAS\Job\Arafura\z6a\IX-12-49807_0057_0430.JPG,429
C:\Personal\Masters\Part_time_work\NACAS\Job\Arafura\z6a\IX-12-49807_0057_0431.JPG,430
C:\Personal\Masters\Part_time_work\NACAS\Job\Arafura\z6a\IX-12-49807_0057_0432.JPG,431
C:\Personal\Masters\Part_time_work\NACAS\Job\Arafura\z6a\IX-12-49807_0057_0433.JPG,432
C:\Personal\Masters\Part_time_work\NACAS\Job\Arafura\z6a\IX-12-49807_0057_0434.JPG,433
C:\Personal\Masters\Part_time_work\NACAS\Job\Arafura\z6a\IX-12-49807_0057_0435.JPG,434
C:\Personal\Masters\Part_time_work\NACAS\Job\Arafura\z6a\IX-12-49807_0057_0436.JPG,435
C:\Personal\Masters\Part_time_work\NACAS\Job\Arafura\z6a\IX-12-49807_0057_0437.JPG,436
C:\Personal\Masters\Part_time_work\NACAS\Job\Arafura\z6a\IX-12-49807_0057_0438.JPG,437
C:\Personal\Masters\Part_time_work\NACAS\Job\Arafura\z6a\IX-12-49807_0057_0439.JPG,438
C:\Personal\Masters\Part_time_work\NACAS\Job\Arafura\z6a\IX-12-49807_0057_0440.JPG,439
C:\Personal\Masters\Part_time_work\NACAS\Job\Arafura\z6a\IX-12-49807_0057_0441.JPG,440
C:\Personal\Masters\Part_time_work\NACAS\Job\Arafura\z6a\IX-12-49807_0057_0442.JPG,441
C:\Personal\Masters\Part_time_work\NACAS\Job\Arafura\z6a\IX-12-49807_0057_0443.JPG,442
C:\Personal\Masters\Part_time_work\NACAS\Job\Arafura\z6a\IX-12-49807_0057_0444.JPG,443
C:\Personal\Masters\Part_time_work\NACAS\Job\Arafura\z6a\IX-12-49807_0057_0445.JPG,444
C:\Personal\Masters\Part_time_work\NACAS\Job\Arafura\z6a\IX-12-49807_0057_0446.JPG,445
C:\Personal\Masters\Part_time_work\NACAS\Job\Arafura\z6a\IX-12-49807_0057_0447.JPG,446
C:\Personal\Masters\Part_time_work\NACAS\Job\Arafura\z6a\IX-12-49807_0057_0448.JPG,447
C:\Personal\Masters\Part_time_work\NACAS\Job\Arafura\z6a\IX-12-49807_0057_0449.JPG,448
C:\Personal\Masters\Part_time_work\NACAS\Job\Arafura\z6a\IX-12-49807_0057_0450.JPG,449
C:\Personal\Masters\Part_time_work\NACAS\Job\Arafura\z6a\IX-12-49807_0057_0451.JPG,450
C:\Personal\Masters\Part_time_work\NACAS\Job\Arafura\z6a\IX-12-49807_0057_0452.JPG,451
C:\Personal\Masters\Part_time_work\NACAS\Job\Arafura\z6a\IX-12-49807_0057_0453.JPG,452
C:\Personal\Masters\Part_time_work\NACAS\Job\Arafura\z6a\IX-12-49807_0057_0454.JPG,453
C:\Personal\Masters\Part_time_work\NACAS\Job\Arafura\z6a\IX-12-49807_0057_0455.JPG,454
C:\Personal\Masters\Part_time_work\NACAS\Job\Arafura\z6a\IX-12-49807_0057_0456.JPG,455
C:\Personal\Masters\Part_time_work\NACAS\Job\Arafura\z6a\IX-12-49807_0057_0457.JPG,456
C:\Personal\Masters\Part_time_work\NACAS\Job\Arafura\z6a\IX-12-49807_0057_0458.JPG,457
C:\Personal\Masters\Part_time_work\NACAS\Job\Arafura\z6a\IX-12-49807_0057_0459.JPG,458
C:\Personal\Masters\Part_time_work\NACAS\Job\Arafura\z6a\IX-12-49807_0057_0460.JPG,459
C:\Personal\Masters\Part_time_work\NACAS\Job\Arafura\z6a\IX-12-49807_0057_0461.JPG,460
C:\Personal\Masters\Part_time_work\NACAS\Job\Arafura\z6a\IX-12-49807_0057_0462.JPG,461
C:\Personal\Masters\Part_time_work\NACAS\Job\Arafura\z6a\IX-12-49807_0057_0463.JPG,462
C:\Personal\Masters\Part_time_work\NACAS\Job\Arafura\z6a\IX-12-49807_0057_0464.JPG,463
C:\Personal\Masters\Part_time_work\NACAS\Job\Arafura\z6a\IX-12-49807_0057_0465.JPG,464
C:\Personal\Masters\Part_time_work\NACAS\Job\Arafura\z6a\IX-12-49807_0057_0466.JPG,465
C:\Personal\Masters\Part_time_work\NACAS\Job\Arafura\z6a\IX-12-49807_0057_0467.JPG,466
C:\Personal\Masters\Part_time_work\NACAS\Job\Arafura\z6a\IX-12-49807_0057_0468.JPG,467
C:\Personal\Masters\Part_time_work\NACAS\Job\Arafura\z6a\IX-12-49807_0057_0469.JPG,468
C:\Personal\Masters\Part_time_work\NACAS\Job\Arafura\z6a\IX-12-49807_0057_0470.JPG,469
C:\Personal\Masters\Part_time_work\NACAS\Job\Arafura\z6a\IX-12-49807_0057_0471.JPG,470
C:\Personal\Masters\Part_time_work\NACAS\Job\Arafura\z6a\IX-12-49807_0057_0472.JPG,471
C:\Personal\Masters\Part_time_work\NACAS\Job\Arafura\z6a\IX-12-49807_0057_0473.JPG,472
C:\Personal\Masters\Part_time_work\NACAS\Job\Arafura\z6a\IX-12-49807_0057_0474.JPG,473
C:\Personal\Masters\Part_time_work\NACAS\Job\Arafura\z6a\IX-12-49807_0057_0475.JPG,474
C:\Personal\Masters\Part_time_work\NACAS\Job\Arafura\z6a\IX-12-49807_0057_0476.JPG,475
C:\Personal\Masters\Part_time_work\NACAS\Job\Arafura\z6a\IX-12-49807_0057_0477.JPG,476
C:\Personal\Masters\Part_time_work\NACAS\Job\Arafura\z6a\IX-12-49807_0057_0478.JPG,477
C:\Personal\Masters\Part_time_work\NACAS\Job\Arafura\z6a\IX-12-49807_0057_0479.JPG,478
C:\Personal\Masters\Part_time_work\NACAS\Job\Arafura\z6a\IX-12-49807_0057_0480.JPG,479
C:\Personal\Masters\Part_time_work\NACAS\Job\Arafura\z6a\IX-12-49807_0057_0481.JPG,480
C:\Personal\Masters\Part_time_work\NACAS\Job\Arafura\z6a\IX-12-49807_0057_0482.JPG,481
C:\Personal\Masters\Part_time_work\NACAS\Job\Arafura\z6a\IX-12-49807_0057_0483.JPG,482
C:\Personal\Masters\Part_time_work\NACAS\Job\Arafura\z6a\IX-12-49807_0057_0484.JPG,483
C:\Personal\Masters\Part_time_work\NACAS\Job\Arafura\z6a\IX-12-49807_0057_0485.JPG,484
C:\Personal\Masters\Part_time_work\NACAS\Job\Arafura\z6a\IX-12-49807_0057_0486.JPG,485
C:\Personal\Masters\Part_time_work\NACAS\Job\Arafura\z6a\IX-12-49807_0057_0487.JPG,486
C:\Personal\Masters\Part_time_work\NACAS\Job\Arafura\z6a\IX-12-49807_0057_0488.JPG,487
C:\Personal\Masters\Part_time_work\NACAS\Job\Arafura\z6a\IX-12-49807_0057_0489.JPG,488
C:\Personal\Masters\Part_time_work\NACAS\Job\Arafura\z6a\IX-12-49807_0057_0490.JPG,489
C:\Personal\Masters\Part_time_work\NACAS\Job\Arafura\z6a\IX-12-49807_0057_0491.JPG,490
C:\Personal\Masters\Part_time_work\NACAS\Job\Arafura\z6a\IX-12-49807_0057_0492.JPG,491
C:\Personal\Masters\Part_time_work\NACAS\Job\Arafura\z6a\IX-12-49807_0057_0493.JPG,492
C:\Personal\Masters\Part_time_work\NACAS\Job\Arafura\z6a\IX-12-49807_0057_0494.JPG,493
C:\Personal\Masters\Part_time_work\NACAS\Job\Arafura\z6a\IX-12-49807_0057_0495.JPG,494
C:\Personal\Masters\Part_time_work\NACAS\Job\Arafura\z6a\IX-12-49807_0057_0496.JPG,495
C:\Personal\Masters\Part_time_work\NACAS\Job\Arafura\z6a\IX-12-49807_0057_0497.JPG,496
C:\Personal\Masters\Part_time_work\NACAS\Job\Arafura\z6a\IX-12-49807_0057_0498.JPG,497
C:\Personal\Masters\Part_time_work\NACAS\Job\Arafura\z6a\IX-12-49807_0057_0499.JPG,498
C:\Personal\Masters\Part_time_work\NACAS\Job\Arafura\z6a\IX-12-49807_0057_0500.JPG,499
C:\Personal\Masters\Part_time_work\NACAS\Job\Arafura\z6a\IX-12-49807_0057_0501.JPG,500
C:\Personal\Masters\Part_time_work\NACAS\Job\Arafura\z6a\IX-12-49807_0057_0502.JPG,501
C:\Personal\Masters\Part_time_work\NACAS\Job\Arafura\z6a\IX-12-49807_0057_0503.JPG,502
C:\Personal\Masters\Part_time_work\NACAS\Job\Arafura\z6a\IX-12-49807_0057_0504.JPG,503
C:\Personal\Masters\Part_time_work\NACAS\Job\Arafura\z6a\IX-12-49807_0057_0505.JPG,504
C:\Personal\Masters\Part_time_work\NACAS\Job\Arafura\z6a\IX-12-49807_0057_0506.JPG,505
C:\Personal\Masters\Part_time_work\NACAS\Job\Arafura\z6a\IX-12-49807_0057_0507.JPG,506
C:\Personal\Masters\Part_time_work\NACAS\Job\Arafura\z6a\IX-12-49807_0057_0508.JPG,507
C:\Personal\Masters\Part_time_work\NACAS\Job\Arafura\z6a\IX-12-49807_0057_0509.JPG,508
C:\Personal\Masters\Part_time_work\NACAS\Job\Arafura\z6a\IX-12-49807_0057_0510.JPG,509
C:\Personal\Masters\Part_time_work\NACAS\Job\Arafura\z6a\IX-12-49807_0057_0511.JPG,510
C:\Personal\Masters\Part_time_work\NACAS\Job\Arafura\z6a\IX-12-49807_0057_0512.JPG,511
C:\Personal\Masters\Part_time_work\NACAS\Job\Arafura\z6a\IX-12-49807_0057_0513.JPG,512
C:\Personal\Masters\Part_time_work\NACAS\Job\Arafura\z6a\IX-12-49807_0057_0514.JPG,513
C:\Personal\Masters\Part_time_work\NACAS\Job\Arafura\z6a\IX-12-49807_0057_0515.JPG,514
C:\Personal\Masters\Part_time_work\NACAS\Job\Arafura\z6a\IX-12-49807_0057_0516.JPG,515
C:\Personal\Masters\Part_time_work\NACAS\Job\Arafura\z6a\IX-12-49807_0057_0517.JPG,516
C:\Personal\Masters\Part_time_work\NACAS\Job\Arafura\z6a\IX-12-49807_0057_0518.JPG,517
C:\Personal\Masters\Part_time_work\NACAS\Job\Arafura\z6a\IX-12-49807_0057_0519.JPG,518
C:\Personal\Masters\Part_time_work\NACAS\Job\Arafura\z6a\IX-12-49807_0057_0520.JPG,519
C:\Personal\Masters\Part_time_work\NACAS\Job\Arafura\z6a\IX-12-49807_0057_0521.JPG,520
C:\Personal\Masters\Part_time_work\NACAS\Job\Arafura\z6a\IX-12-49807_0057_0522.JPG,521
C:\Personal\Masters\Part_time_work\NACAS\Job\Arafura\z6a\IX-12-49807_0057_0523.JPG,522
C:\Personal\Masters\Part_time_work\NACAS\Job\Arafura\z6a\IX-12-49807_0057_0524.JPG,523
C:\Personal\Masters\Part_time_work\NACAS\Job\Arafura\z6a\IX-12-49807_0057_0525.JPG,524
C:\Personal\Masters\Part_time_work\NACAS\Job\Arafura\z6a\IX-12-49807_0057_0526.JPG,525
C:\Personal\Masters\Part_time_work\NACAS\Job\Arafura\z6a\IX-12-49807_0057_0527.JPG,526
C:\Personal\Masters\Part_time_work\NACAS\Job\Arafura\z6a\IX-12-49807_0057_0528.JPG,527
C:\Personal\Masters\Part_time_work\NACAS\Job\Arafura\z6a\IX-12-49807_0057_0529.JPG,528
C:\Personal\Masters\Part_time_work\NACAS\Job\Arafura\z6a\IX-12-49807_0057_0530.JPG,529
C:\Personal\Masters\Part_time_work\NACAS\Job\Arafura\z6a\IX-12-49807_0057_0531.JPG,530
C:\Personal\Masters\Part_time_work\NACAS\Job\Arafura\z6a\IX-12-49807_0057_0532.JPG,531
C:\Personal\Masters\Part_time_work\NACAS\Job\Arafura\z6a\IX-12-49807_0057_0533.JPG,532
C:\Personal\Masters\Part_time_work\NACAS\Job\Arafura\z6a\IX-12-49807_0057_0534.JPG,533
C:\Personal\Masters\Part_time_work\NACAS\Job\Arafura\z6a\IX-12-49807_0057_0535.JPG,534
C:\Personal\Masters\Part_time_work\NACAS\Job\Arafura\z6a\IX-12-49807_0057_0536.JPG,535
C:\Personal\Masters\Part_time_work\NACAS\Job\Arafura\z6a\IX-12-49807_0057_0537.JPG,536
C:\Personal\Masters\Part_time_work\NACAS\Job\Arafura\z6a\IX-12-49807_0057_0538.JPG,537
C:\Personal\Masters\Part_time_work\NACAS\Job\Arafura\z6a\IX-12-49807_0057_0539.JPG,538
C:\Personal\Masters\Part_time_work\NACAS\Job\Arafura\z6a\IX-12-49807_0057_0540.JPG,539
C:\Personal\Masters\Part_time_work\NACAS\Job\Arafura\z6a\IX-12-49807_0057_0541.JPG,540
C:\Personal\Masters\Part_time_work\NACAS\Job\Arafura\z6a\IX-12-49807_0057_0542.JPG,541
C:\Personal\Masters\Part_time_work\NACAS\Job\Arafura\z6a\IX-12-49807_0057_0543.JPG,542
C:\Personal\Masters\Part_time_work\NACAS\Job\Arafura\z6a\IX-12-49807_0057_0544.JPG,543
C:\Personal\Masters\Part_time_work\NACAS\Job\Arafura\z6a\IX-12-49807_0057_0545.JPG,544
C:\Personal\Masters\Part_time_work\NACAS\Job\Arafura\z6a\IX-12-49807_0057_0546.JPG,545
C:\Personal\Masters\Part_time_work\NACAS\Job\Arafura\z6a\IX-12-49807_0057_0547.JPG,546
C:\Personal\Masters\Part_time_work\NACAS\Job\Arafura\z6a\IX-12-49807_0057_0548.JPG,547
C:\Personal\Masters\Part_time_work\NACAS\Job\Arafura\z6a\IX-12-49807_0057_0549.JPG,548
C:\Personal\Masters\Part_time_work\NACAS\Job\Arafura\z6a\IX-12-49807_0057_0550.JPG,549
C:\Personal\Masters\Part_time_work\NACAS\Job\Arafura\z6a\IX-12-49807_0057_0551.JPG,550
C:\Personal\Masters\Part_time_work\NACAS\Job\Arafura\z6a\IX-12-49807_0057_0552.JPG,551
C:\Personal\Masters\Part_time_work\NACAS\Job\Arafura\z6a\IX-12-49807_0057_0553.JPG,552
C:\Personal\Masters\Part_time_work\NACAS\Job\Arafura\z6a\IX-12-49807_0057_0554.JPG,553
C:\Personal\Masters\Part_time_work\NACAS\Job\Arafura\z6a\IX-12-49807_0057_0555.JPG,554
C:\Personal\Masters\Part_time_work\NACAS\Job\Arafura\z6a\IX-12-49807_0057_0556.JPG,555
C:\Personal\Masters\Part_time_work\NACAS\Job\Arafura\z6a\IX-12-49807_0057_0557.JPG,556
C:\Personal\Masters\Part_time_work\NACAS\Job\Arafura\z6a\IX-12-49807_0057_0558.JPG,557
C:\Personal\Masters\Part_time_work\NACAS\Job\Arafura\z6a\IX-12-49807_0057_0559.JPG,558
C:\Personal\Masters\Part_time_work\NACAS\Job\Arafura\z6a\IX-12-49807_0057_0560.JPG,559
C:\Personal\Masters\Part_time_work\NACAS\Job\Arafura\z6a\IX-12-49807_0057_0561.JPG,560
C:\Personal\Masters\Part_time_work\NACAS\Job\Arafura\z6a\IX-12-49807_0057_0562.JPG,561
C:\Personal\Masters\Part_time_work\NACAS\Job\Arafura\z6a\IX-12-49807_0057_0563.JPG,562
C:\Personal\Masters\Part_time_work\NACAS\Job\Arafura\z6a\IX-12-49807_0057_0564.JPG,563
C:\Personal\Masters\Part_time_work\NACAS\Job\Arafura\z6a\IX-12-49807_0057_0565.JPG,564
C:\Personal\Masters\Part_time_work\NACAS\Job\Arafura\z6a\IX-12-49807_0057_0566.JPG,565
C:\Personal\Masters\Part_time_work\NACAS\Job\Arafura\z6a\IX-12-49807_0057_0567.JPG,566
C:\Personal\Masters\Part_time_work\NACAS\Job\Arafura\z6a\IX-12-49807_0057_0568.JPG,567
C:\Personal\Masters\Part_time_work\NACAS\Job\Arafura\z6a\IX-12-49807_0057_0569.JPG,568
C:\Personal\Masters\Part_time_work\NACAS\Job\Arafura\z6a\IX-12-49807_0057_0570.JPG,569
C:\Personal\Masters\Part_time_work\NACAS\Job\Arafura\z6a\IX-12-49807_0057_0571.JPG,570
C:\Personal\Masters\Part_time_work\NACAS\Job\Arafura\z6a\IX-12-49807_0057_0572.JPG,571
C:\Personal\Masters\Part_time_work\NACAS\Job\Arafura\z6a\IX-12-49807_0057_0573.JPG,572
C:\Personal\Masters\Part_time_work\NACAS\Job\Arafura\z6a\IX-12-49807_0057_0574.JPG,573
C:\Personal\Masters\Part_time_work\NACAS\Job\Arafura\z6a\IX-12-49807_0057_0575.JPG,574
C:\Personal\Masters\Part_time_work\NACAS\Job\Arafura\z6a\IX-12-49807_0057_0576.JPG,575
C:\Personal\Masters\Part_time_work\NACAS\Job\Arafura\z6a\IX-12-49807_0057_0577.JPG,576
C:\Personal\Masters\Part_time_work\NACAS\Job\Arafura\z6a\IX-12-49807_0057_0578.JPG,577
C:\Personal\Masters\Part_time_work\NACAS\Job\Arafura\z6a\IX-12-49807_0057_0579.JPG,578
C:\Personal\Masters\Part_time_work\NACAS\Job\Arafura\z6a\IX-12-49807_0057_0580.JPG,579
C:\Personal\Masters\Part_time_work\NACAS\Job\Arafura\z6a\IX-12-49807_0057_0581.JPG,580
C:\Personal\Masters\Part_time_work\NACAS\Job\Arafura\z6a\IX-12-49807_0057_0582.JPG,581
C:\Personal\Masters\Part_time_work\NACAS\Job\Arafura\z6a\IX-12-49807_0057_0583.JPG,582
C:\Personal\Masters\Part_time_work\NACAS\Job\Arafura\z6a\IX-12-49807_0057_0584.JPG,583
C:\Personal\Masters\Part_time_work\NACAS\Job\Arafura\z6a\IX-12-49807_0057_0585.JPG,584
C:\Personal\Masters\Part_time_work\NACAS\Job\Arafura\z6a\IX-12-49807_0057_0586.JPG,585
C:\Personal\Masters\Part_time_work\NACAS\Job\Arafura\z6a\IX-12-49807_0057_0587.JPG,586
C:\Personal\Masters\Part_time_work\NACAS\Job\Arafura\z6a\IX-12-49807_0057_0588.JPG,587
C:\Personal\Masters\Part_time_work\NACAS\Job\Arafura\z6a\IX-12-49807_0057_0589.JPG,588
C:\Personal\Masters\Part_time_work\NACAS\Job\Arafura\z6a\IX-12-49807_0057_0590.JPG,589
C:\Personal\Masters\Part_time_work\NACAS\Job\Arafura\z6a\IX-12-49807_0057_0591.JPG,590
C:\Personal\Masters\Part_time_work\NACAS\Job\Arafura\z6a\IX-12-49807_0057_0592.JPG,591
C:\Personal\Masters\Part_time_work\NACAS\Job\Arafura\z6a\IX-12-49807_0057_0593.JPG,592
C:\Personal\Masters\Part_time_work\NACAS\Job\Arafura\z6a\IX-12-49807_0057_0594.JPG,593
C:\Personal\Masters\Part_time_work\NACAS\Job\Arafura\z6a\IX-12-49807_0057_0595.JPG,594
C:\Personal\Masters\Part_time_work\NACAS\Job\Arafura\z6a\IX-12-49807_0057_0596.JPG,595
C:\Personal\Masters\Part_time_work\NACAS\Job\Arafura\z6a\IX-12-49807_0057_0597.JPG,596
C:\Personal\Masters\Part_time_work\NACAS\Job\Arafura\z6a\IX-12-49807_0057_0598.JPG,597
C:\Personal\Masters\Part_time_work\NACAS\Job\Arafura\z6a\IX-12-49807_0057_0599.JPG,598
C:\Personal\Masters\Part_time_work\NACAS\Job\Arafura\z6a\IX-12-49807_0057_0600.JPG,599
C:\Personal\Masters\Part_time_work\NACAS\Job\Arafura\z6a\IX-12-49807_0057_0601.JPG,600
C:\Personal\Masters\Part_time_work\NACAS\Job\Arafura\z6a\IX-12-49807_0057_0602.JPG,601
C:\Personal\Masters\Part_time_work\NACAS\Job\Arafura\z6a\IX-12-49807_0057_0603.JPG,602
C:\Personal\Masters\Part_time_work\NACAS\Job\Arafura\z6a\IX-12-49807_0057_0604.JPG,603
C:\Personal\Masters\Part_time_work\NACAS\Job\Arafura\z6a\IX-12-49807_0057_0605.JPG,604
C:\Personal\Masters\Part_time_work\NACAS\Job\Arafura\z6a\IX-12-49807_0057_0606.JPG,605
C:\Personal\Masters\Part_time_work\NACAS\Job\Arafura\z6a\IX-12-49807_0057_0607.JPG,606
C:\Personal\Masters\Part_time_work\NACAS\Job\Arafura\z6a\IX-12-49807_0057_0608.JPG,607
C:\Personal\Masters\Part_time_work\NACAS\Job\Arafura\z6a\IX-12-49807_0057_0609.JPG,608
C:\Personal\Masters\Part_time_work\NACAS\Job\Arafura\z6a\IX-12-49807_0057_0610.JPG,609
C:\Personal\Masters\Part_time_work\NACAS\Job\Arafura\z6a\IX-12-49807_0057_0611.JPG,610
C:\Personal\Masters\Part_time_work\NACAS\Job\Arafura\z6a\IX-12-49807_0057_0612.JPG,611
C:\Personal\Masters\Part_time_work\NACAS\Job\Arafura\z6a\IX-12-49807_0057_0613.JPG,612
C:\Personal\Masters\Part_time_work\NACAS\Job\Arafura\z6a\IX-12-49807_0057_0614.JPG,613
C:\Personal\Masters\Part_time_work\NACAS\Job\Arafura\z6a\IX-12-49807_0057_0615.JPG,614
C:\Personal\Masters\Part_time_work\NACAS\Job\Arafura\z6a\IX-12-49807_0057_0616.JPG,615
C:\Personal\Masters\Part_time_work\NACAS\Job\Arafura\z6a\IX-12-49807_0057_0617.JPG,616
C:\Personal\Masters\Part_time_work\NACAS\Job\Arafura\z6a\IX-12-49807_0057_0618.JPG,617
C:\Personal\Masters\Part_time_work\NACAS\Job\Arafura\z6a\IX-12-49807_0057_0619.JPG,618
C:\Personal\Masters\Part_time_work\NACAS\Job\Arafura\z6a\IX-12-49807_0057_0620.JPG,619
C:\Personal\Masters\Part_time_work\NACAS\Job\Arafura\z6a\IX-12-49807_0057_0621.JPG,620
C:\Personal\Masters\Part_time_work\NACAS\Job\Arafura\z6a\IX-12-49807_0057_0622.JPG,621
C:\Personal\Masters\Part_time_work\NACAS\Job\Arafura\z6a\IX-12-49807_0057_0623.JPG,622
C:\Personal\Masters\Part_time_work\NACAS\Job\Arafura\z6a\IX-12-49807_0057_0624.JPG,623
C:\Personal\Masters\Part_time_work\NACAS\Job\Arafura\z6a\IX-12-49807_0057_0625.JPG,624
C:\Personal\Masters\Part_time_work\NACAS\Job\Arafura\z6a\IX-12-49807_0057_0626.JPG,625
C:\Personal\Masters\Part_time_work\NACAS\Job\Arafura\z6a\IX-12-49807_0057_0627.JPG,626
C:\Personal\Masters\Part_time_work\NACAS\Job\Arafura\z6a\IX-12-49807_0057_0628.JPG,627
C:\Personal\Masters\Part_time_work\NACAS\Job\Arafura\z6a\IX-12-49807_0057_0629.JPG,628
C:\Personal\Masters\Part_time_work\NACAS\Job\Arafura\z6a\IX-12-49807_0057_0630.JPG,629
C:\Personal\Masters\Part_time_work\NACAS\Job\Arafura\z6a\IX-12-49807_0057_0631.JPG,630
C:\Personal\Masters\Part_time_work\NACAS\Job\Arafura\z6a\IX-12-49807_0057_0632.JPG,631
C:\Personal\Masters\Part_time_work\NACAS\Job\Arafura\z6a\IX-12-49807_0057_0633.JPG,632
C:\Personal\Masters\Part_time_work\NACAS\Job\Arafura\z6a\IX-12-49807_0057_0634.JPG,633
C:\Personal\Masters\Part_time_work\NACAS\Job\Arafura\z6a\IX-12-49807_0057_0635.JPG,634
C:\Personal\Masters\Part_time_work\NACAS\Job\Arafura\z6a\IX-12-49807_0057_0636.JPG,635
C:\Personal\Masters\Part_time_work\NACAS\Job\Arafura\z6a\IX-12-49807_0057_0637.JPG,636
C:\Personal\Masters\Part_time_work\NACAS\Job\Arafura\z6a\IX-12-49807_0057_0638.JPG,637
C:\Personal\Masters\Part_time_work\NACAS\Job\Arafura\z6a\IX-12-49807_0057_0639.JPG,638
C:\Personal\Masters\Part_time_work\NACAS\Job\Arafura\z6a\IX-12-49807_0057_0640.JPG,639
C:\Personal\Masters\Part_time_work\NACAS\Job\Arafura\z6a\IX-12-49807_0057_0641.JPG,640
C:\Personal\Masters\Part_time_work\NACAS\Job\Arafura\z6a\IX-12-49807_0057_0642.JPG,641
C:\Personal\Masters\Part_time_work\NACAS\Job\Arafura\z6a\IX-12-49807_0057_0643.JPG,642
C:\Personal\Masters\Part_time_work\NACAS\Job\Arafura\z6a\IX-12-49807_0057_0644.JPG,643
C:\Personal\Masters\Part_time_work\NACAS\Job\Arafura\z6a\IX-12-49807_0057_0645.JPG,644
C:\Personal\Masters\Part_time_work\NACAS\Job\Arafura\z6a\IX-12-49807_0057_0646.JPG,645
C:\Personal\Masters\Part_time_work\NACAS\Job\Arafura\z6a\IX-12-49807_0057_0647.JPG,646
C:\Personal\Masters\Part_time_work\NACAS\Job\Arafura\z6a\IX-12-49807_0057_0648.JPG,647
C:\Personal\Masters\Part_time_work\NACAS\Job\Arafura\z6a\IX-12-49807_0057_0649.JPG,648
C:\Personal\Masters\Part_time_work\NACAS\Job\Arafura\z6a\IX-12-49807_0057_0650.JPG,649
C:\Personal\Masters\Part_time_work\NACAS\Job\Arafura\z6a\IX-12-49807_0057_0651.JPG,650
C:\Personal\Masters\Part_time_work\NACAS\Job\Arafura\z6a\IX-12-49807_0057_0652.JPG,651
C:\Personal\Masters\Part_time_work\NACAS\Job\Arafura\z6a\IX-12-49807_0057_0653.JPG,652
C:\Personal\Masters\Part_time_work\NACAS\Job\Arafura\z6a\IX-12-49807_0057_0654.JPG,653
C:\Personal\Masters\Part_time_work\NACAS\Job\Arafura\z6a\IX-12-49807_0057_0655.JPG,654
C:\Personal\Masters\Part_time_work\NACAS\Job\Arafura\z6a\IX-12-49807_0057_0656.JPG,655
C:\Personal\Masters\Part_time_work\NACAS\Job\Arafura\z6a\IX-12-49807_0057_0657.JPG,656
C:\Personal\Masters\Part_time_work\NACAS\Job\Arafura\z6a\IX-12-49807_0057_0658.JPG,657
C:\Personal\Masters\Part_time_work\NACAS\Job\Arafura\z6a\IX-12-49807_0057_0659.JPG,658
C:\Personal\Masters\Part_time_work\NACAS\Job\Arafura\z6a\IX-12-49807_0057_0660.JPG,659
C:\Personal\Masters\Part_time_work\NACAS\Job\Arafura\z6a\IX-12-49807_0057_0661.JPG,660
C:\Personal\Masters\Part_time_work\NACAS\Job\Arafura\z6a\IX-12-49807_0057_0662.JPG,661
C:\Personal\Masters\Part_time_work\NACAS\Job\Arafura\z6a\IX-12-49807_0057_0663.JPG,662
C:\Personal\Masters\Part_time_work\NACAS\Job\Arafura\z6a\IX-12-49807_0057_0664.JPG,663
C:\Personal\Masters\Part_time_work\NACAS\Job\Arafura\z6a\IX-12-49807_0057_0665.JPG,664
C:\Personal\Masters\Part_time_work\NACAS\Job\Arafura\z6a\IX-12-49807_0057_0666.JPG,665
C:\Personal\Masters\Part_time_work\NACAS\Job\Arafura\z6a\IX-12-49807_0057_0667.JPG,666
C:\Personal\Masters\Part_time_work\NACAS\Job\Arafura\z6a\IX-12-49807_0057_0668.JPG,667
C:\Personal\Masters\Part_time_work\NACAS\Job\Arafura\z6a\IX-12-49807_0057_0669.JPG,668
C:\Personal\Masters\Part_time_work\NACAS\Job\Arafura\z6a\IX-12-49807_0057_0670.JPG,669
C:\Personal\Masters\Part_time_work\NACAS\Job\Arafura\z6a\IX-12-49807_0057_0671.JPG,670
C:\Personal\Masters\Part_time_work\NACAS\Job\Arafura\z6a\IX-12-49807_0057_0672.JPG,671
C:\Personal\Masters\Part_time_work\NACAS\Job\Arafura\z6a\IX-12-49807_0057_0673.JPG,672
C:\Personal\Masters\Part_time_work\NACAS\Job\Arafura\z6a\IX-12-49807_0057_0674.JPG,673
C:\Personal\Masters\Part_time_work\NACAS\Job\Arafura\z6a\IX-12-49807_0057_0675.JPG,674
C:\Personal\Masters\Part_time_work\NACAS\Job\Arafura\z6a\IX-12-49807_0057_0676.JPG,675
C:\Personal\Masters\Part_time_work\NACAS\Job\Arafura\z6a\IX-12-49807_0057_0677.JPG,676
C:\Personal\Masters\Part_time_work\NACAS\Job\Arafura\z6a\IX-12-49807_0057_0678.JPG,677
C:\Personal\Masters\Part_time_work\NACAS\Job\Arafura\z6a\IX-12-49807_0057_0679.JPG,678
C:\Personal\Masters\Part_time_work\NACAS\Job\Arafura\z6a\IX-12-49807_0057_0680.JPG,679
C:\Personal\Masters\Part_time_work\NACAS\Job\Arafura\z6a\IX-12-49807_0057_0681.JPG,680
C:\Personal\Masters\Part_time_work\NACAS\Job\Arafura\z6a\IX-12-49807_0057_0682.JPG,681
C:\Personal\Masters\Part_time_work\NACAS\Job\Arafura\z6a\IX-12-49807_0057_0683.JPG,682
C:\Personal\Masters\Part_time_work\NACAS\Job\Arafura\z6a\IX-12-49807_0057_0684.JPG,683
C:\Personal\Masters\Part_time_work\NACAS\Job\Arafura\z6a\IX-12-49807_0057_0685.JPG,684
C:\Personal\Masters\Part_time_work\NACAS\Job\Arafura\z6a\IX-12-49807_0057_0686.JPG,685
C:\Personal\Masters\Part_time_work\NACAS\Job\Arafura\z6a\IX-12-49807_0057_0687.JPG,686
C:\Personal\Masters\Part_time_work\NACAS\Job\Arafura\z6a\IX-12-49807_0057_0688.JPG,687
C:\Personal\Masters\Part_time_work\NACAS\Job\Arafura\z6a\IX-12-49807_0057_0689.JPG,688
C:\Personal\Masters\Part_time_work\NACAS\Job\Arafura\z6a\IX-12-49807_0057_0690.JPG,689
C:\Personal\Masters\Part_time_work\NACAS\Job\Arafura\z6a\IX-12-49807_0057_0691.JPG,690
C:\Personal\Masters\Part_time_work\NACAS\Job\Arafura\z6a\IX-12-49807_0057_0692.JPG,691
C:\Personal\Masters\Part_time_work\NACAS\Job\Arafura\z6a\IX-12-49807_0057_0693.JPG,692
C:\Personal\Masters\Part_time_work\NACAS\Job\Arafura\z6a\IX-12-49807_0057_0694.JPG,693
C:\Personal\Masters\Part_time_work\NACAS\Job\Arafura\z6a\IX-12-49807_0057_0695.JPG,694
C:\Personal\Masters\Part_time_work\NACAS\Job\Arafura\z6a\IX-12-49807_0057_0696.JPG,695
C:\Personal\Masters\Part_time_work\NACAS\Job\Arafura\z6a\IX-12-49807_0057_0697.JPG,696
C:\Personal\Masters\Part_time_work\NACAS\Job\Arafura\z6a\IX-12-49807_0057_0698.JPG,697
C:\Personal\Masters\Part_time_work\NACAS\Job\Arafura\z6a\IX-12-49807_0057_0699.JPG,698
C:\Personal\Masters\Part_time_work\NACAS\Job\Arafura\z6a\IX-12-49807_0057_0700.JPG,699
C:\Personal\Masters\Part_time_work\NACAS\Job\Arafura\z6a\IX-12-49807_0057_0701.JPG,700
C:\Personal\Masters\Part_time_work\NACAS\Job\Arafura\z6a\IX-12-49807_0057_0702.JPG,701
C:\Personal\Masters\Part_time_work\NACAS\Job\Arafura\z6a\IX-12-49807_0057_0703.JPG,702
C:\Personal\Masters\Part_time_work\NACAS\Job\Arafura\z6a\IX-12-49807_0057_0704.JPG,703
C:\Personal\Masters\Part_time_work\NACAS\Job\Arafura\z6a\IX-12-49807_0057_0705.JPG,704
C:\Personal\Masters\Part_time_work\NACAS\Job\Arafura\z6a\IX-12-49807_0057_0706.JPG,705
C:\Personal\Masters\Part_time_work\NACAS\Job\Arafura\z6a\IX-12-49807_0057_0707.JPG,706
C:\Personal\Masters\Part_time_work\NACAS\Job\Arafura\z6a\IX-12-49807_0057_0708.JPG,707
C:\Personal\Masters\Part_time_work\NACAS\Job\Arafura\z6a\IX-12-49807_0057_0709.JPG,708
C:\Personal\Masters\Part_time_work\NACAS\Job\Arafura\z6a\IX-12-49807_0057_0710.JPG,709
C:\Personal\Masters\Part_time_work\NACAS\Job\Arafura\z6a\IX-12-49807_0057_0711.JPG,710
C:\Personal\Masters\Part_time_work\NACAS\Job\Arafura\z6a\IX-12-49807_0057_0712.JPG,711
C:\Personal\Masters\Part_time_work\NACAS\Job\Arafura\z6a\IX-12-49807_0057_0713.JPG,712
C:\Personal\Masters\Part_time_work\NACAS\Job\Arafura\z6a\IX-12-49807_0057_0714.JPG,713
C:\Personal\Masters\Part_time_work\NACAS\Job\Arafura\z6a\IX-12-49807_0057_0715.JPG,714
C:\Personal\Masters\Part_time_work\NACAS\Job\Arafura\z6a\IX-12-49807_0057_0716.JPG,715
C:\Personal\Masters\Part_time_work\NACAS\Job\Arafura\z6a\IX-12-49807_0057_0717.JPG,716
C:\Personal\Masters\Part_time_work\NACAS\Job\Arafura\z6a\IX-12-49807_0057_0718.JPG,717
C:\Personal\Masters\Part_time_work\NACAS\Job\Arafura\z6a\IX-12-49807_0057_0719.JPG,718
C:\Personal\Masters\Part_time_work\NACAS\Job\Arafura\z6a\IX-12-49807_0057_0720.JPG,719
C:\Personal\Masters\Part_time_work\NACAS\Job\Arafura\z6a\IX-12-49807_0057_0721.JPG,720
C:\Personal\Masters\Part_time_work\NACAS\Job\Arafura\z6a\IX-12-49807_0057_0722.JPG,721
C:\Personal\Masters\Part_time_work\NACAS\Job\Arafura\z6a\IX-12-49807_0057_0723.JPG,722
C:\Personal\Masters\Part_time_work\NACAS\Job\Arafura\z6a\IX-12-49807_0057_0724.JPG,723
C:\Personal\Masters\Part_time_work\NACAS\Job\Arafura\z6a\IX-12-49807_0057_0725.JPG,724
C:\Personal\Masters\Part_time_work\NACAS\Job\Arafura\z6a\IX-12-49807_0057_0726.JPG,725
C:\Personal\Masters\Part_time_work\NACAS\Job\Arafura\z6a\IX-12-49807_0057_0727.JPG,726
C:\Personal\Masters\Part_time_work\NACAS\Job\Arafura\z6a\IX-12-49807_0057_0728.JPG,727
C:\Personal\Masters\Part_time_work\NACAS\Job\Arafura\z6a\IX-12-49807_0057_0729.JPG,728
C:\Personal\Masters\Part_time_work\NACAS\Job\Arafura\z6a\IX-12-49807_0057_0730.JPG,729
C:\Personal\Masters\Part_time_work\NACAS\Job\Arafura\z6a\IX-12-49807_0057_0731.JPG,730
C:\Personal\Masters\Part_time_work\NACAS\Job\Arafura\z6a\IX-12-49807_0057_0732.JPG,731
C:\Personal\Masters\Part_time_work\NACAS\Job\Arafura\z6a\IX-12-49807_0057_0733.JPG,732
C:\Personal\Masters\Part_time_work\NACAS\Job\Arafura\z6a\IX-12-49807_0057_0734.JPG,733
C:\Personal\Masters\Part_time_work\NACAS\Job\Arafura\z6a\IX-12-49807_0057_0735.JPG,734
C:\Personal\Masters\Part_time_work\NACAS\Job\Arafura\z6a\IX-12-49807_0057_0736.JPG,735
C:\Personal\Masters\Part_time_work\NACAS\Job\Arafura\z6a\IX-12-49807_0057_0737.JPG,736
C:\Personal\Masters\Part_time_work\NACAS\Job\Arafura\z6a\IX-12-49807_0057_0738.JPG,737
C:\Personal\Masters\Part_time_work\NACAS\Job\Arafura\z6a\IX-12-49807_0057_0739.JPG,738
C:\Personal\Masters\Part_time_work\NACAS\Job\Arafura\z6a\IX-12-49807_0057_0740.JPG,739
C:\Personal\Masters\Part_time_work\NACAS\Job\Arafura\z6a\IX-12-49807_0057_0741.JPG,740
C:\Personal\Masters\Part_time_work\NACAS\Job\Arafura\z6a\IX-12-49807_0057_0742.JPG,741
C:\Personal\Masters\Part_time_work\NACAS\Job\Arafura\z6a\IX-12-49807_0057_0743.JPG,742
C:\Personal\Masters\Part_time_work\NACAS\Job\Arafura\z6a\IX-12-49807_0057_0744.JPG,743
C:\Personal\Masters\Part_time_work\NACAS\Job\Arafura\z6a\IX-12-49807_0057_0745.JPG,744
C:\Personal\Masters\Part_time_work\NACAS\Job\Arafura\z6a\IX-12-49807_0057_0746.JPG,745
C:\Personal\Masters\Part_time_work\NACAS\Job\Arafura\z6a\IX-12-49807_0057_0747.JPG,746
C:\Personal\Masters\Part_time_work\NACAS\Job\Arafura\z6a\IX-12-49807_0057_0748.JPG,747
C:\Personal\Masters\Part_time_work\NACAS\Job\Arafura\z6a\IX-12-49807_0057_0749.JPG,748
C:\Personal\Masters\Part_time_work\NACAS\Job\Arafura\z6a\IX-12-49807_0057_0750.JPG,749
C:\Personal\Masters\Part_time_work\NACAS\Job\Arafura\z6a\IX-12-49807_0057_0751.JPG,750
C:\Personal\Masters\Part_time_work\NACAS\Job\Arafura\z6a\IX-12-49807_0057_0752.JPG,751
C:\Personal\Masters\Part_time_work\NACAS\Job\Arafura\z6a\IX-12-49807_0057_0753.JPG,752
C:\Personal\Masters\Part_time_work\NACAS\Job\Arafura\z6a\IX-12-49807_0057_0754.JPG,753
C:\Personal\Masters\Part_time_work\NACAS\Job\Arafura\z6a\IX-12-49807_0057_0755.JPG,754
C:\Personal\Masters\Part_time_work\NACAS\Job\Arafura\z6a\IX-12-49807_0057_0756.JPG,755
C:\Personal\Masters\Part_time_work\NACAS\Job\Arafura\z6a\IX-12-49807_0057_0757.JPG,756
C:\Personal\Masters\Part_time_work\NACAS\Job\Arafura\z6a\IX-12-49807_0057_0758.JPG,757
C:\Personal\Masters\Part_time_work\NACAS\Job\Arafura\z6a\IX-12-49807_0057_0759.JPG,758
C:\Personal\Masters\Part_time_work\NACAS\Job\Arafura\z6a\IX-12-49807_0057_0760.JPG,759
C:\Personal\Masters\Part_time_work\NACAS\Job\Arafura\z6a\IX-12-49807_0057_0761.JPG,760
C:\Personal\Masters\Part_time_work\NACAS\Job\Arafura\z6a\IX-12-49807_0057_0762.JPG,761
C:\Personal\Masters\Part_time_work\NACAS\Job\Arafura\z6a\IX-12-49807_0057_0763.JPG,762
C:\Personal\Masters\Part_time_work\NACAS\Job\Arafura\z6a\IX-12-49807_0057_0764.JPG,763
C:\Personal\Masters\Part_time_work\NACAS\Job\Arafura\z6a\IX-12-49807_0057_0765.JPG,764
C:\Personal\Masters\Part_time_work\NACAS\Job\Arafura\z6a\IX-12-49807_0057_0766.JPG,765
C:\Personal\Masters\Part_time_work\NACAS\Job\Arafura\z6a\IX-12-49807_0057_0767.JPG,766
C:\Personal\Masters\Part_time_work\NACAS\Job\Arafura\z6a\IX-12-49807_0057_0768.JPG,767
C:\Personal\Masters\Part_time_work\NACAS\Job\Arafura\z6a\IX-12-49807_0057_0769.JPG,768
C:\Personal\Masters\Part_time_work\NACAS\Job\Arafura\z6a\IX-12-49807_0057_0770.JPG,769
C:\Personal\Masters\Part_time_work\NACAS\Job\Arafura\z6a\IX-12-49807_0057_0771.JPG,770
C:\Personal\Masters\Part_time_work\NACAS\Job\Arafura\z6a\IX-12-49807_0057_0772.JPG,771
C:\Personal\Masters\Part_time_work\NACAS\Job\Arafura\z6a\IX-12-49807_0057_0773.JPG,772
C:\Personal\Masters\Part_time_work\NACAS\Job\Arafura\z6a\IX-12-49807_0057_0774.JPG,773
C:\Personal\Masters\Part_time_work\NACAS\Job\Arafura\z6a\IX-12-49807_0057_0775.JPG,774
C:\Personal\Masters\Part_time_work\NACAS\Job\Arafura\z6a\IX-12-49807_0057_0776.JPG,775
C:\Personal\Masters\Part_time_work\NACAS\Job\Arafura\z6a\IX-12-49807_0057_0777.JPG,776
C:\Personal\Masters\Part_time_work\NACAS\Job\Arafura\z6a\IX-12-49807_0057_0778.JPG,777
C:\Personal\Masters\Part_time_work\NACAS\Job\Arafura\z6a\IX-12-49807_0057_0779.JPG,778
C:\Personal\Masters\Part_time_work\NACAS\Job\Arafura\z6a\IX-12-49807_0057_0780.JPG,779
C:\Personal\Masters\Part_time_work\NACAS\Job\Arafura\z6a\IX-12-49807_0057_0781.JPG,780
C:\Personal\Masters\Part_time_work\NACAS\Job\Arafura\z6a\IX-12-49807_0057_0782.JPG,781
C:\Personal\Masters\Part_time_work\NACAS\Job\Arafura\z6a\IX-12-49807_0057_0783.JPG,782
C:\Personal\Masters\Part_time_work\NACAS\Job\Arafura\z6a\IX-12-49807_0057_0784.JPG,783
C:\Personal\Masters\Part_time_work\NACAS\Job\Arafura\z6a\IX-12-49807_0057_0785.JPG,784
C:\Personal\Masters\Part_time_work\NACAS\Job\Arafura\z6a\IX-12-49807_0057_0786.JPG,785
C:\Personal\Masters\Part_time_work\NACAS\Job\Arafura\z6a\IX-12-49807_0057_0787.JPG,786
C:\Personal\Masters\Part_time_work\NACAS\Job\Arafura\z6a\IX-12-49807_0057_0788.JPG,787
C:\Personal\Masters\Part_time_work\NACAS\Job\Arafura\z6a\IX-12-49807_0057_0789.JPG,788
C:\Personal\Masters\Part_time_work\NACAS\Job\Arafura\z6a\IX-12-49807_0057_0790.JPG,789
C:\Personal\Masters\Part_time_work\NACAS\Job\Arafura\z6a\IX-12-49807_0057_0791.JPG,790
C:\Personal\Masters\Part_time_work\NACAS\Job\Arafura\z6a\IX-12-49807_0057_0792.JPG,791
C:\Personal\Masters\Part_time_work\NACAS\Job\Arafura\z6a\IX-12-49807_0057_0793.JPG,792
C:\Personal\Masters\Part_time_work\NACAS\Job\Arafura\z6a\IX-12-49807_0057_0794.JPG,793
C:\Personal\Masters\Part_time_work\NACAS\Job\Arafura\z6a\IX-12-49807_0057_0795.JPG,794
C:\Personal\Masters\Part_time_work\NACAS\Job\Arafura\z6a\IX-12-49807_0057_0796.JPG,795
C:\Personal\Masters\Part_time_work\NACAS\Job\Arafura\z6a\IX-12-49807_0057_0797.JPG,796
C:\Personal\Masters\Part_time_work\NACAS\Job\Arafura\z6a\IX-12-49807_0057_0798.JPG,797
C:\Personal\Masters\Part_time_work\NACAS\Job\Arafura\z6a\IX-12-49807_0057_0799.JPG,798
C:\Personal\Masters\Part_time_work\NACAS\Job\Arafura\z6a\IX-12-49807_0057_0800.JPG,799
C:\Personal\Masters\Part_time_work\NACAS\Job\Arafura\z6a\IX-12-49807_0057_0801.JPG,800
C:\Personal\Masters\Part_time_work\NACAS\Job\Arafura\z6a\IX-12-49807_0057_0802.JPG,801
C:\Personal\Masters\Part_time_work\NACAS\Job\Arafura\z6a\IX-12-49807_0057_0803.JPG,802
C:\Personal\Masters\Part_time_work\NACAS\Job\Arafura\z6a\IX-12-49807_0057_0804.JPG,803
C:\Personal\Masters\Part_time_work\NACAS\Job\Arafura\z6a\IX-12-49807_0057_0805.JPG,804
C:\Personal\Masters\Part_time_work\NACAS\Job\Arafura\z6a\IX-12-49807_0057_0806.JPG,805
C:\Personal\Masters\Part_time_work\NACAS\Job\Arafura\z6a\IX-12-49807_0057_0807.JPG,806
C:\Personal\Masters\Part_time_work\NACAS\Job\Arafura\z6a\IX-12-49807_0057_0808.JPG,807
C:\Personal\Masters\Part_time_work\NACAS\Job\Arafura\z6a\IX-12-49807_0057_0809.JPG,808
C:\Personal\Masters\Part_time_work\NACAS\Job\Arafura\z6a\IX-12-49807_0057_0810.JPG,809
C:\Personal\Masters\Part_time_work\NACAS\Job\Arafura\z6a\IX-12-49807_0057_0811.JPG,810
C:\Personal\Masters\Part_time_work\NACAS\Job\Arafura\z6a\IX-12-49807_0057_0812.JPG,811
C:\Personal\Masters\Part_time_work\NACAS\Job\Arafura\z6a\IX-12-49807_0057_0813.JPG,812
C:\Personal\Masters\Part_time_work\NACAS\Job\Arafura\z6a\IX-12-49807_0057_0814.JPG,813
C:\Personal\Masters\Part_time_work\NACAS\Job\Arafura\z6a\IX-12-49807_0057_0815.JPG,814
C:\Personal\Masters\Part_time_work\NACAS\Job\Arafura\z6a\IX-12-49807_0057_0816.JPG,815
C:\Personal\Masters\Part_time_work\NACAS\Job\Arafura\z6a\IX-12-49807_0057_0817.JPG,816
C:\Personal\Masters\Part_time_work\NACAS\Job\Arafura\z6a\IX-12-49807_0057_0818.JPG,817
C:\Personal\Masters\Part_time_work\NACAS\Job\Arafura\z6a\IX-12-49807_0057_0819.JPG,818
C:\Personal\Masters\Part_time_work\NACAS\Job\Arafura\z6a\IX-12-49807_0057_0820.JPG,819
C:\Personal\Masters\Part_time_work\NACAS\Job\Arafura\z6a\IX-12-49807_0057_0821.JPG,820
C:\Personal\Masters\Part_time_work\NACAS\Job\Arafura\z6a\IX-12-49807_0057_0822.JPG,821
C:\Personal\Masters\Part_time_work\NACAS\Job\Arafura\z6a\IX-12-49807_0057_0823.JPG,822
C:\Personal\Masters\Part_time_work\NACAS\Job\Arafura\z6a\IX-12-49807_0057_0824.JPG,823
C:\Personal\Masters\Part_time_work\NACAS\Job\Arafura\z6a\IX-12-49807_0057_0825.JPG,824
C:\Personal\Masters\Part_time_work\NACAS\Job\Arafura\z6a\IX-12-49807_0057_0826.JPG,825
C:\Personal\Masters\Part_time_work\NACAS\Job\Arafura\z6a\IX-12-49807_0057_0827.JPG,826
C:\Personal\Masters\Part_time_work\NACAS\Job\Arafura\z6a\IX-12-49807_0057_0828.JPG,827
C:\Personal\Masters\Part_time_work\NACAS\Job\Arafura\z6a\IX-12-49807_0057_0829.JPG,828
C:\Personal\Masters\Part_time_work\NACAS\Job\Arafura\z6a\IX-12-49807_0057_0830.JPG,829
C:\Personal\Masters\Part_time_work\NACAS\Job\Arafura\z6a\IX-12-49807_0057_0831.JPG,830
C:\Personal\Masters\Part_time_work\NACAS\Job\Arafura\z6a\IX-12-49807_0057_0832.JPG,831
C:\Personal\Masters\Part_time_work\NACAS\Job\Arafura\z6a\IX-12-49807_0057_0833.JPG,832
C:\Personal\Masters\Part_time_work\NACAS\Job\Arafura\z6a\IX-12-49807_0057_0834.JPG,833
C:\Personal\Masters\Part_time_work\NACAS\Job\Arafura\z6a\IX-12-49807_0057_0835.JPG,834
C:\Personal\Masters\Part_time_work\NACAS\Job\Arafura\z6a\IX-12-49807_0057_0836.JPG,835
C:\Personal\Masters\Part_time_work\NACAS\Job\Arafura\z6a\IX-12-49807_0057_0837.JPG,836
C:\Personal\Masters\Part_time_work\NACAS\Job\Arafura\z6a\IX-12-49807_0057_0838.JPG,837
C:\Personal\Masters\Part_time_work\NACAS\Job\Arafura\z6a\IX-12-49807_0057_0839.JPG,838
C:\Personal\Masters\Part_time_work\NACAS\Job\Arafura\z6a\IX-12-49807_0057_0840.JPG,839
C:\Personal\Masters\Part_time_work\NACAS\Job\Arafura\z6a\IX-12-49807_0057_0841.JPG,840
C:\Personal\Masters\Part_time_work\NACAS\Job\Arafura\z6a\IX-12-49807_0057_0842.JPG,841
C:\Personal\Masters\Part_time_work\NACAS\Job\Arafura\z6a\IX-12-49807_0057_0843.JPG,842
C:\Personal\Masters\Part_time_work\NACAS\Job\Arafura\z6a\IX-12-49807_0057_0844.JPG,843
C:\Personal\Masters\Part_time_work\NACAS\Job\Arafura\z6a\IX-12-49807_0057_0845.JPG,844
C:\Personal\Masters\Part_time_work\NACAS\Job\Arafura\z6a\IX-12-49807_0057_0846.JPG,845
C:\Personal\Masters\Part_time_work\NACAS\Job\Arafura\z6a\IX-12-49807_0057_0847.JPG,846
C:\Personal\Masters\Part_time_work\NACAS\Job\Arafura\z6a\IX-12-49807_0057_0848.JPG,847
C:\Personal\Masters\Part_time_work\NACAS\Job\Arafura\z6a\IX-12-49807_0057_0849.JPG,848
C:\Personal\Masters\Part_time_work\NACAS\Job\Arafura\z6a\IX-12-49807_0057_0850.JPG,849
C:\Personal\Masters\Part_time_work\NACAS\Job\Arafura\z6a\IX-12-49807_0057_0851.JPG,850
C:\Personal\Masters\Part_time_work\NACAS\Job\Arafura\z6a\IX-12-49807_0057_0852.JPG,851
C:\Personal\Masters\Part_time_work\NACAS\Job\Arafura\z6a\IX-12-49807_0057_0853.JPG,852
C:\Personal\Masters\Part_time_work\NACAS\Job\Arafura\z6a\IX-12-49807_0057_0854.JPG,853
C:\Personal\Masters\Part_time_work\NACAS\Job\Arafura\z6a\IX-12-49807_0057_0855.JPG,854
C:\Personal\Masters\Part_time_work\NACAS\Job\Arafura\z6a\IX-12-49807_0057_0856.JPG,855
C:\Personal\Masters\Part_time_work\NACAS\Job\Arafura\z6a\IX-12-49807_0057_0857.JPG,856
C:\Personal\Masters\Part_time_work\NACAS\Job\Arafura\z6a\IX-12-49807_0057_0858.JPG,857
C:\Personal\Masters\Part_time_work\NACAS\Job\Arafura\z6a\IX-12-49807_0057_0859.JPG,858
C:\Personal\Masters\Part_time_work\NACAS\Job\Arafura\z6a\IX-12-49807_0057_0860.JPG,859
C:\Personal\Masters\Part_time_work\NACAS\Job\Arafura\z6a\IX-12-49807_0057_0861.JPG,860
C:\Personal\Masters\Part_time_work\NACAS\Job\Arafura\z6a\IX-12-49807_0057_0862.JPG,861
C:\Personal\Masters\Part_time_work\NACAS\Job\Arafura\z6a\IX-12-49807_0057_0863.JPG,862
C:\Personal\Masters\Part_time_work\NACAS\Job\Arafura\z6a\IX-12-49807_0057_0864.JPG,863
C:\Personal\Masters\Part_time_work\NACAS\Job\Arafura\z6a\IX-12-49807_0057_0865.JPG,864
C:\Personal\Masters\Part_time_work\NACAS\Job\Arafura\z6a\IX-12-49807_0057_0866.JPG,865
C:\Personal\Masters\Part_time_work\NACAS\Job\Arafura\z6a\IX-12-49807_0057_0867.JPG,866
C:\Personal\Masters\Part_time_work\NACAS\Job\Arafura\z6a\IX-12-49807_0057_0868.JPG,867
C:\Personal\Masters\Part_time_work\NACAS\Job\Arafura\z6a\IX-12-49807_0057_0869.JPG,868
C:\Personal\Masters\Part_time_work\NACAS\Job\Arafura\z6a\IX-12-49807_0057_0870.JPG,869
C:\Personal\Masters\Part_time_work\NACAS\Job\Arafura\z6a\IX-12-49807_0057_0871.JPG,870
C:\Personal\Masters\Part_time_work\NACAS\Job\Arafura\z6a\IX-12-49807_0057_0872.JPG,871
C:\Personal\Masters\Part_time_work\NACAS\Job\Arafura\z6a\IX-12-49807_0057_0873.JPG,872
C:\Personal\Masters\Part_time_work\NACAS\Job\Arafura\z6a\IX-12-49807_0057_0874.JPG,873
C:\Personal\Masters\Part_time_work\NACAS\Job\Arafura\z6a\IX-12-49807_0057_0875.JPG,874
C:\Personal\Masters\Part_time_work\NACAS\Job\Arafura\z6a\IX-12-49807_0057_0876.JPG,875
C:\Personal\Masters\Part_time_work\NACAS\Job\Arafura\z6a\IX-12-49807_0057_0877.JPG,876
C:\Personal\Masters\Part_time_work\NACAS\Job\Arafura\z6a\IX-12-49807_0057_0878.JPG,877
C:\Personal\Masters\Part_time_work\NACAS\Job\Arafura\z6a\IX-12-49807_0057_0879.JPG,878
C:\Personal\Masters\Part_time_work\NACAS\Job\Arafura\z6a\IX-12-49807_0057_0880.JPG,879
C:\Personal\Masters\Part_time_work\NACAS\Job\Arafura\z6a\IX-12-49807_0057_0881.JPG,880
C:\Personal\Masters\Part_time_work\NACAS\Job\Arafura\z6a\IX-12-49807_0057_0882.JPG,881
C:\Personal\Masters\Part_time_work\NACAS\Job\Arafura\z6a\IX-12-49807_0057_0883.JPG,882
C:\Personal\Masters\Part_time_work\NACAS\Job\Arafura\z6a\IX-12-49807_0057_0884.JPG,883
C:\Personal\Masters\Part_time_work\NACAS\Job\Arafura\z6a\IX-12-49807_0057_0885.JPG,884
C:\Personal\Masters\Part_time_work\NACAS\Job\Arafura\z6a\IX-12-49807_0057_0886.JPG,885
C:\Personal\Masters\Part_time_work\NACAS\Job\Arafura\z6a\IX-12-49807_0057_0887.JPG,886
C:\Personal\Masters\Part_time_work\NACAS\Job\Arafura\z6a\IX-12-49807_0057_0888.JPG,887
C:\Personal\Masters\Part_time_work\NACAS\Job\Arafura\z6a\IX-12-49807_0057_0889.JPG,888
C:\Personal\Masters\Part_time_work\NACAS\Job\Arafura\z6a\IX-12-49807_0057_0890.JPG,889
C:\Personal\Masters\Part_time_work\NACAS\Job\Arafura\z6a\IX-12-49807_0057_0891.JPG,890
C:\Personal\Masters\Part_time_work\NACAS\Job\Arafura\z6a\IX-12-49807_0057_0892.JPG,891
C:\Personal\Masters\Part_time_work\NACAS\Job\Arafura\z6a\IX-12-49807_0057_0893.JPG,892
C:\Personal\Masters\Part_time_work\NACAS\Job\Arafura\z6a\IX-12-49807_0057_0894.JPG,893
C:\Personal\Masters\Part_time_work\NACAS\Job\Arafura\z6a\IX-12-49807_0057_0895.JPG,894
C:\Personal\Masters\Part_time_work\NACAS\Job\Arafura\z6a\IX-12-49807_0057_0896.JPG,895
C:\Personal\Masters\Part_time_work\NACAS\Job\Arafura\z6a\IX-12-49807_0057_0897.JPG,896
C:\Personal\Masters\Part_time_work\NACAS\Job\Arafura\z6a\IX-12-49807_0057_0898.JPG,897
C:\Personal\Masters\Part_time_work\NACAS\Job\Arafura\z6a\IX-12-49807_0057_0899.JPG,898
C:\Personal\Masters\Part_time_work\NACAS\Job\Arafura\z6a\IX-12-49807_0057_0900.JPG,899
C:\Personal\Masters\Part_time_work\NACAS\Job\Arafura\z6a\IX-12-49807_0057_0901.JPG,900
C:\Personal\Masters\Part_time_work\NACAS\Job\Arafura\z6a\IX-12-49807_0057_0902.JPG,901
C:\Personal\Masters\Part_time_work\NACAS\Job\Arafura\z6a\IX-12-49807_0057_0903.JPG,902
C:\Personal\Masters\Part_time_work\NACAS\Job\Arafura\z6a\IX-12-49807_0057_0904.JPG,903
C:\Personal\Masters\Part_time_work\NACAS\Job\Arafura\z6a\IX-12-49807_0057_0905.JPG,904
C:\Personal\Masters\Part_time_work\NACAS\Job\Arafura\z6a\IX-12-49807_0057_0906.JPG,905
C:\Personal\Masters\Part_time_work\NACAS\Job\Arafura\z6a\IX-12-49807_0057_0907.JPG,906
C:\Personal\Masters\Part_time_work\NACAS\Job\Arafura\z6a\IX-12-49807_0057_0908.JPG,907
C:\Personal\Masters\Part_time_work\NACAS\Job\Arafura\z6a\IX-12-49807_0057_0909.JPG,908
C:\Personal\Masters\Part_time_work\NACAS\Job\Arafura\z6a\IX-12-49807_0057_0910.JPG,909
C:\Personal\Masters\Part_time_work\NACAS\Job\Arafura\z6a\IX-12-49807_0057_0911.JPG,910
C:\Personal\Masters\Part_time_work\NACAS\Job\Arafura\z6a\IX-12-49807_0057_0912.JPG,911
C:\Personal\Masters\Part_time_work\NACAS\Job\Arafura\z6a\IX-12-49807_0057_0913.JPG,912
C:\Personal\Masters\Part_time_work\NACAS\Job\Arafura\z6a\IX-12-49807_0057_0914.JPG,913
C:\Personal\Masters\Part_time_work\NACAS\Job\Arafura\z6a\IX-12-49807_0057_0915.JPG,914
C:\Personal\Masters\Part_time_work\NACAS\Job\Arafura\z6a\IX-12-49807_0057_0916.JPG,915
C:\Personal\Masters\Part_time_work\NACAS\Job\Arafura\z6a\IX-12-49807_0057_0917.JPG,916
C:\Personal\Masters\Part_time_work\NACAS\Job\Arafura\z6a\IX-12-49807_0057_0918.JPG,917
C:\Personal\Masters\Part_time_work\NACAS\Job\Arafura\z6a\IX-12-49807_0057_0919.JPG,918
C:\Personal\Masters\Part_time_work\NACAS\Job\Arafura\z6a\IX-12-49807_0057_0920.JPG,919
C:\Personal\Masters\Part_time_work\NACAS\Job\Arafura\z6a\IX-12-49807_0057_0921.JPG,920
C:\Personal\Masters\Part_time_work\NACAS\Job\Arafura\z6a\IX-12-49807_0057_0922.JPG,921
C:\Personal\Masters\Part_time_work\NACAS\Job\Arafura\z6a\IX-12-49807_0057_0923.JPG,922
C:\Personal\Masters\Part_time_work\NACAS\Job\Arafura\z6a\IX-12-49807_0057_0924.JPG,923
C:\Personal\Masters\Part_time_work\NACAS\Job\Arafura\z6a\IX-12-49807_0057_0925.JPG,924
C:\Personal\Masters\Part_time_work\NACAS\Job\Arafura\z6a\IX-12-49807_0057_0926.JPG,925
C:\Personal\Masters\Part_time_work\NACAS\Job\Arafura\z6a\IX-12-49807_0057_0927.JPG,926
C:\Personal\Masters\Part_time_work\NACAS\Job\Arafura\z6a\IX-12-49807_0057_0928.JPG,927
C:\Personal\Masters\Part_time_work\NACAS\Job\Arafura\z6a\IX-12-49807_0057_0929.JPG,928
C:\Personal\Masters\Part_time_work\NACAS\Job\Arafura\z6a\IX-12-49807_0057_0930.JPG,929
C:\Personal\Masters\Part_time_work\NACAS\Job\Arafura\z6a\IX-12-49807_0057_0931.JPG,930
C:\Personal\Masters\Part_time_work\NACAS\Job\Arafura\z6a\IX-12-49807_0057_0932.JPG,931
C:\Personal\Masters\Part_time_work\NACAS\Job\Arafura\z6a\IX-12-49807_0057_0933.JPG,932
C:\Personal\Masters\Part_time_work\NACAS\Job\Arafura\z6a\IX-12-49807_0057_0934.JPG,933
C:\Personal\Masters\Part_time_work\NACAS\Job\Arafura\z6a\IX-12-49807_0057_0935.JPG,934
C:\Personal\Masters\Part_time_work\NACAS\Job\Arafura\z6a\IX-12-49807_0057_0936.JPG,935
C:\Personal\Masters\Part_time_work\NACAS\Job\Arafura\z6a\IX-12-49807_0057_0937.JPG,936
C:\Personal\Masters\Part_time_work\NACAS\Job\Arafura\z6a\IX-12-49807_0057_0938.JPG,937
C:\Personal\Masters\Part_time_work\NACAS\Job\Arafura\z6a\IX-12-49807_0057_0939.JPG,938
C:\Personal\Masters\Part_time_work\NACAS\Job\Arafura\z6a\IX-12-49807_0057_0940.JPG,939
C:\Personal\Masters\Part_time_work\NACAS\Job\Arafura\z6a\IX-12-49807_0057_0941.JPG,940
C:\Personal\Masters\Part_time_work\NACAS\Job\Arafura\z6a\IX-12-49807_0057_0942.JPG,941
C:\Personal\Masters\Part_time_work\NACAS\Job\Arafura\z6a\IX-12-49807_0057_0943.JPG,942
C:\Personal\Masters\Part_time_work\NACAS\Job\Arafura\z6a\IX-12-49807_0057_0944.JPG,943
C:\Personal\Masters\Part_time_work\NACAS\Job\Arafura\z6a\IX-12-49807_0057_0945.JPG,944
C:\Personal\Masters\Part_time_work\NACAS\Job\Arafura\z6a\IX-12-49807_0057_0946.JPG,945
C:\Personal\Masters\Part_time_work\NACAS\Job\Arafura\z6a\IX-12-49807_0057_0947.JPG,946
C:\Personal\Masters\Part_time_work\NACAS\Job\Arafura\z6a\IX-12-49807_0057_0948.JPG,947
C:\Personal\Masters\Part_time_work\NACAS\Job\Arafura\z6a\IX-12-49807_0057_0949.JPG,948
C:\Personal\Masters\Part_time_work\NACAS\Job\Arafura\z6a\IX-12-49807_0057_0950.JPG,949
C:\Personal\Masters\Part_time_work\NACAS\Job\Arafura\z6a\IX-12-49807_0057_0951.JPG,950
C:\Personal\Masters\Part_time_work\NACAS\Job\Arafura\z6a\IX-12-49807_0057_0952.JPG,951
C:\Personal\Masters\Part_time_work\NACAS\Job\Arafura\z6a\IX-12-49807_0057_0953.JPG,952
C:\Personal\Masters\Part_time_work\NACAS\Job\Arafura\z6a\IX-12-49807_0057_0954.JPG,953
C:\Personal\Masters\Part_time_work\NACAS\Job\Arafura\z6a\IX-12-49807_0057_0955.JPG,954
C:\Personal\Masters\Part_time_work\NACAS\Job\Arafura\z6a\IX-12-49807_0057_0956.JPG,955
C:\Personal\Masters\Part_time_work\NACAS\Job\Arafura\z6a\IX-12-49807_0057_0957.JPG,956
C:\Personal\Masters\Part_time_work\NACAS\Job\Arafura\z6a\IX-12-49807_0057_0958.JPG,957
C:\Personal\Masters\Part_time_work\NACAS\Job\Arafura\z6a\IX-12-49807_0057_0959.JPG,958
C:\Personal\Masters\Part_time_work\NACAS\Job\Arafura\z6a\IX-12-49807_0057_0960.JPG,959
C:\Personal\Masters\Part_time_work\NACAS\Job\Arafura\z6a\IX-12-49807_0057_0961.JPG,960
C:\Personal\Masters\Part_time_work\NACAS\Job\Arafura\z6a\IX-12-49807_0057_0962.JPG,961
C:\Personal\Masters\Part_time_work\NACAS\Job\Arafura\z6a\IX-12-49807_0057_0963.JPG,962
C:\Personal\Masters\Part_time_work\NACAS\Job\Arafura\z6a\IX-12-49807_0057_0964.JPG,963
C:\Personal\Masters\Part_time_work\NACAS\Job\Arafura\z6a\IX-12-49807_0057_0965.JPG,964
C:\Personal\Masters\Part_time_work\NACAS\Job\Arafura\z6a\IX-12-49807_0057_0966.JPG,965
C:\Personal\Masters\Part_time_work\NACAS\Job\Arafura\z6a\IX-12-49807_0057_0967.JPG,966
C:\Personal\Masters\Part_time_work\NACAS\Job\Arafura\z6a\IX-12-49807_0057_0968.JPG,967
C:\Personal\Masters\Part_time_work\NACAS\Job\Arafura\z6a\IX-12-49807_0057_0969.JPG,968
C:\Personal\Masters\Part_time_work\NACAS\Job\Arafura\z6a\IX-12-49807_0057_0970.JPG,969
C:\Personal\Masters\Part_time_work\NACAS\Job\Arafura\z6a\IX-12-49807_0057_0971.JPG,970
C:\Personal\Masters\Part_time_work\NACAS\Job\Arafura\z6a\IX-12-49807_0057_0972.JPG,971
C:\Personal\Masters\Part_time_work\NACAS\Job\Arafura\z6a\IX-12-49807_0057_0973.JPG,972
C:\Personal\Masters\Part_time_work\NACAS\Job\Arafura\z6a\IX-12-49807_0057_0974.JPG,973
C:\Personal\Masters\Part_time_work\NACAS\Job\Arafura\z6a\IX-12-49807_0057_0975.JPG,974
C:\Personal\Masters\Part_time_work\NACAS\Job\Arafura\z6a\IX-12-49807_0057_0976.JPG,975
C:\Personal\Masters\Part_time_work\NACAS\Job\Arafura\z6a\IX-12-49807_0057_0977.JPG,976
C:\Personal\Masters\Part_time_work\NACAS\Job\Arafura\z6a\IX-12-49807_0057_0978.JPG,977
C:\Personal\Masters\Part_time_work\NACAS\Job\Arafura\z6a\IX-12-49807_0057_0979.JPG,978
C:\Personal\Masters\Part_time_work\NACAS\Job\Arafura\z6a\IX-12-49807_0057_0980.JPG,979
C:\Personal\Masters\Part_time_work\NACAS\Job\Arafura\z6a\IX-12-49807_0057_0981.JPG,980
C:\Personal\Masters\Part_time_work\NACAS\Job\Arafura\z6a\IX-12-49807_0057_0982.JPG,981
C:\Personal\Masters\Part_time_work\NACAS\Job\Arafura\z6a\IX-12-49807_0057_0983.JPG,982
C:\Personal\Masters\Part_time_work\NACAS\Job\Arafura\z6a\IX-12-49807_0057_0984.JPG,983
C:\Personal\Masters\Part_time_work\NACAS\Job\Arafura\z6a\IX-12-49807_0057_0985.JPG,984
C:\Personal\Masters\Part_time_work\NACAS\Job\Arafura\z6a\IX-12-49807_0057_0986.JPG,985
C:\Personal\Masters\Part_time_work\NACAS\Job\Arafura\z6a\IX-12-49807_0057_0987.JPG,986
C:\Personal\Masters\Part_time_work\NACAS\Job\Arafura\z6a\IX-12-49807_0057_0988.JPG,987
C:\Personal\Masters\Part_time_work\NACAS\Job\Arafura\z6a\IX-12-49807_0057_0989.JPG,988
C:\Personal\Masters\Part_time_work\NACAS\Job\Arafura\z6a\IX-12-49807_0057_0990.JPG,989
C:\Personal\Masters\Part_time_work\NACAS\Job\Arafura\z6a\IX-12-49807_0057_0991.JPG,990
C:\Personal\Masters\Part_time_work\NACAS\Job\Arafura\z6a\IX-12-49807_0057_0992.JPG,991
C:\Personal\Masters\Part_time_work\NACAS\Job\Arafura\z6a\IX-12-49807_0057_0993.JPG,992
C:\Personal\Masters\Part_time_work\NACAS\Job\Arafura\z6a\IX-12-49807_0057_0994.JPG,993
C:\Personal\Masters\Part_time_work\NACAS\Job\Arafura\z6a\IX-12-49807_0057_0995.JPG,994
C:\Personal\Masters\Part_time_work\NACAS\Job\Arafura\z6a\IX-12-49807_0057_0996.JPG,995
C:\Personal\Masters\Part_time_work\NACAS\Job\Arafura\z6a\IX-12-49807_0057_0997.JPG,996
C:\Personal\Masters\Part_time_work\NACAS\Job\Arafura\z6a\IX-12-49807_0057_0998.JPG,997
C:\Personal\Masters\Part_time_work\NACAS\Job\Arafura\z6a\IX-12-49807_0057_0999.JPG,998
C:\Personal\Masters\Part_time_work\NACAS\Job\Arafura\z6a\IX-12-49807_0057_1000.JPG,999
C:\Personal\Masters\Part_time_work\NACAS\Job\Arafura\z6a\IX-12-49807_0057_1001.JPG,1000
C:\Personal\Masters\Part_time_work\NACAS\Job\Arafura\z6a\IX-12-49807_0057_1002.JPG,1001
C:\Personal\Masters\Part_time_work\NACAS\Job\Arafura\z6a\IX-12-49807_0057_1003.JPG,1002
C:\Personal\Masters\Part_time_work\NACAS\Job\Arafura\z6a\IX-12-49807_0057_1004.JPG,1003
C:\Personal\Masters\Part_time_work\NACAS\Job\Arafura\z6a\IX-12-49807_0057_1005.JPG,1004
C:\Personal\Masters\Part_time_work\NACAS\Job\Arafura\z6a\IX-12-49807_0057_1006.JPG,1005
C:\Personal\Masters\Part_time_work\NACAS\Job\Arafura\z6a\IX-12-49807_0057_1007.JPG,1006
C:\Personal\Masters\Part_time_work\NACAS\Job\Arafura\z6a\IX-12-49807_0057_1008.JPG,1007
C:\Personal\Masters\Part_time_work\NACAS\Job\Arafura\z6a\IX-12-49807_0057_1009.JPG,1008
C:\Personal\Masters\Part_time_work\NACAS\Job\Arafura\z6a\IX-12-49807_0057_1010.JPG,1009
C:\Personal\Masters\Part_time_work\NACAS\Job\Arafura\z6a\IX-12-49807_0057_1011.JPG,1010
C:\Personal\Masters\Part_time_work\NACAS\Job\Arafura\z6a\IX-12-49807_0057_1012.JPG,1011
C:\Personal\Masters\Part_time_work\NACAS\Job\Arafura\z6a\IX-12-49807_0057_1013.JPG,1012
C:\Personal\Masters\Part_time_work\NACAS\Job\Arafura\z6a\IX-12-49807_0057_1014.JPG,1013
C:\Personal\Masters\Part_time_work\NACAS\Job\Arafura\z6a\IX-12-49807_0057_1015.JPG,1014
C:\Personal\Masters\Part_time_work\NACAS\Job\Arafura\z6a\IX-12-49807_0057_1016.JPG,1015
C:\Personal\Masters\Part_time_work\NACAS\Job\Arafura\z6a\IX-12-49807_0057_1017.JPG,1016
C:\Personal\Masters\Part_time_work\NACAS\Job\Arafura\z6a\IX-12-49807_0057_1018.JPG,1017
C:\Personal\Masters\Part_time_work\NACAS\Job\Arafura\z6a\IX-12-49807_0057_1019.JPG,1018
C:\Personal\Masters\Part_time_work\NACAS\Job\Arafura\z6a\IX-12-49807_0057_1020.JPG,1019
C:\Personal\Masters\Part_time_work\NACAS\Job\Arafura\z6a\IX-12-49807_0057_1021.JPG,1020
C:\Personal\Masters\Part_time_work\NACAS\Job\Arafura\z6a\IX-12-49807_0057_1022.JPG,1021
C:\Personal\Masters\Part_time_work\NACAS\Job\Arafura\z6a\IX-12-49807_0057_1023.JPG,1022
C:\Personal\Masters\Part_time_work\NACAS\Job\Arafura\z6a\IX-12-49807_0057_1024.JPG,1023
C:\Personal\Masters\Part_time_work\NACAS\Job\Arafura\z6a\IX-12-49807_0057_1025.JPG,1024
C:\Personal\Masters\Part_time_work\NACAS\Job\Arafura\z6a\IX-12-49807_0057_1026.JPG,1025
C:\Personal\Masters\Part_time_work\NACAS\Job\Arafura\z6a\IX-12-49807_0057_1027.JPG,1026
C:\Personal\Masters\Part_time_work\NACAS\Job\Arafura\z6a\IX-12-49807_0057_1028.JPG,1027
C:\Personal\Masters\Part_time_work\NACAS\Job\Arafura\z6a\IX-12-49807_0057_1029.JPG,1028
C:\Personal\Masters\Part_time_work\NACAS\Job\Arafura\z6a\IX-12-49807_0057_1030.JPG,1029
C:\Personal\Masters\Part_time_work\NACAS\Job\Arafura\z6a\IX-12-49807_0057_1031.JPG,1030
C:\Personal\Masters\Part_time_work\NACAS\Job\Arafura\z6a\IX-12-49807_0057_1032.JPG,1031
C:\Personal\Masters\Part_time_work\NACAS\Job\Arafura\z6a\IX-12-49807_0057_1033.JPG,1032
C:\Personal\Masters\Part_time_work\NACAS\Job\Arafura\z6a\IX-12-49807_0057_1034.JPG,1033
C:\Personal\Masters\Part_time_work\NACAS\Job\Arafura\z6a\IX-12-49807_0057_1035.JPG,1034
C:\Personal\Masters\Part_time_work\NACAS\Job\Arafura\z6a\IX-12-49807_0057_1036.JPG,1035
C:\Personal\Masters\Part_time_work\NACAS\Job\Arafura\z6a\IX-12-49807_0057_1037.JPG,1036
C:\Personal\Masters\Part_time_work\NACAS\Job\Arafura\z6a\IX-12-49807_0057_1038.JPG,1037
C:\Personal\Masters\Part_time_work\NACAS\Job\Arafura\z6a\IX-12-49807_0057_1039.JPG,1038
C:\Personal\Masters\Part_time_work\NACAS\Job\Arafura\z6a\IX-12-49807_0057_1040.JPG,1039
C:\Personal\Masters\Part_time_work\NACAS\Job\Arafura\z6a\IX-12-49807_0057_1041.JPG,1040
C:\Personal\Masters\Part_time_work\NACAS\Job\Arafura\z6a\IX-12-49807_0057_1042.JPG,1041
C:\Personal\Masters\Part_time_work\NACAS\Job\Arafura\z6a\IX-12-49807_0057_1043.JPG,1042
C:\Personal\Masters\Part_time_work\NACAS\Job\Arafura\z6a\IX-12-49807_0057_1044.JPG,1043
C:\Personal\Masters\Part_time_work\NACAS\Job\Arafura\z6a\IX-12-49807_0057_1045.JPG,1044
C:\Personal\Masters\Part_time_work\NACAS\Job\Arafura\z6a\IX-12-49807_0057_1046.JPG,1045
C:\Personal\Masters\Part_time_work\NACAS\Job\Arafura\z6a\IX-12-49807_0057_1047.JPG,1046
C:\Personal\Masters\Part_time_work\NACAS\Job\Arafura\z6a\IX-12-49807_0057_1048.JPG,1047
C:\Personal\Masters\Part_time_work\NACAS\Job\Arafura\z6a\IX-12-49807_0057_1049.JPG,1048
C:\Personal\Masters\Part_time_work\NACAS\Job\Arafura\z6a\IX-12-49807_0057_1050.JPG,1049
C:\Personal\Masters\Part_time_work\NACAS\Job\Arafura\z6a\IX-12-49807_0057_1051.JPG,1050
C:\Personal\Masters\Part_time_work\NACAS\Job\Arafura\z6a\IX-12-49807_0057_1052.JPG,1051
C:\Personal\Masters\Part_time_work\NACAS\Job\Arafura\z6a\IX-12-49807_0057_1053.JPG,1052
C:\Personal\Masters\Part_time_work\NACAS\Job\Arafura\z6a\IX-12-49807_0057_1054.JPG,1053
C:\Personal\Masters\Part_time_work\NACAS\Job\Arafura\z6a\IX-12-49807_0057_1055.JPG,1054
C:\Personal\Masters\Part_time_work\NACAS\Job\Arafura\z6a\IX-12-49807_0057_1056.JPG,1055
C:\Personal\Masters\Part_time_work\NACAS\Job\Arafura\z6a\IX-12-49807_0057_1057.JPG,1056
C:\Personal\Masters\Part_time_work\NACAS\Job\Arafura\z6a\IX-12-49807_0057_1058.JPG,1057
C:\Personal\Masters\Part_time_work\NACAS\Job\Arafura\z6a\IX-12-49807_0057_1059.JPG,1058
C:\Personal\Masters\Part_time_work\NACAS\Job\Arafura\z6a\IX-12-49807_0057_1060.JPG,1059
C:\Personal\Masters\Part_time_work\NACAS\Job\Arafura\z6a\IX-12-49807_0057_1061.JPG,1060
C:\Personal\Masters\Part_time_work\NACAS\Job\Arafura\z6a\IX-12-49807_0057_1062.JPG,1061
C:\Personal\Masters\Part_time_work\NACAS\Job\Arafura\z6a\IX-12-49807_0057_1063.JPG,1062
C:\Personal\Masters\Part_time_work\NACAS\Job\Arafura\z6a\IX-12-49807_0057_1064.JPG,1063
C:\Personal\Masters\Part_time_work\NACAS\Job\Arafura\z6a\IX-12-49807_0057_1065.JPG,1064
C:\Personal\Masters\Part_time_work\NACAS\Job\Arafura\z6a\IX-12-49807_0057_1066.JPG,1065
C:\Personal\Masters\Part_time_work\NACAS\Job\Arafura\z6a\IX-12-49807_0057_1067.JPG,1066
C:\Personal\Masters\Part_time_work\NACAS\Job\Arafura\z6a\IX-12-49807_0057_1068.JPG,1067
C:\Personal\Masters\Part_time_work\NACAS\Job\Arafura\z6a\IX-12-49807_0057_1069.JPG,1068
C:\Personal\Masters\Part_time_work\NACAS\Job\Arafura\z6a\IX-12-49807_0057_1070.JPG,1069
C:\Personal\Masters\Part_time_work\NACAS\Job\Arafura\z6a\IX-12-49807_0057_1071.JPG,1070
C:\Personal\Masters\Part_time_work\NACAS\Job\Arafura\z6a\IX-12-49807_0057_1072.JPG,1071
C:\Personal\Masters\Part_time_work\NACAS\Job\Arafura\z6a\IX-12-49807_0057_1073.JPG,1072
C:\Personal\Masters\Part_time_work\NACAS\Job\Arafura\z6a\IX-12-49807_0057_1074.JPG,1073
C:\Personal\Masters\Part_time_work\NACAS\Job\Arafura\z6a\IX-12-49807_0057_1075.JPG,1074
C:\Personal\Masters\Part_time_work\NACAS\Job\Arafura\z6a\IX-12-49807_0057_1076.JPG,1075
C:\Personal\Masters\Part_time_work\NACAS\Job\Arafura\z6a\IX-12-49807_0057_1077.JPG,1076
C:\Personal\Masters\Part_time_work\NACAS\Job\Arafura\z6a\IX-12-49807_0057_1078.JPG,1077
C:\Personal\Masters\Part_time_work\NACAS\Job\Arafura\z6a\IX-12-49807_0057_1079.JPG,1078
C:\Personal\Masters\Part_time_work\NACAS\Job\Arafura\z6a\IX-12-49807_0057_1080.JPG,1079
C:\Personal\Masters\Part_time_work\NACAS\Job\Arafura\z6a\IX-12-49807_0057_1081.JPG,1080
C:\Personal\Masters\Part_time_work\NACAS\Job\Arafura\z6a\IX-12-49807_0057_1082.JPG,1081
C:\Personal\Masters\Part_time_work\NACAS\Job\Arafura\z6a\IX-12-49807_0057_1083.JPG,1082
C:\Personal\Masters\Part_time_work\NACAS\Job\Arafura\z6a\IX-12-49807_0057_1084.JPG,1083
C:\Personal\Masters\Part_time_work\NACAS\Job\Arafura\z6a\IX-12-49807_0057_1085.JPG,1084
C:\Personal\Masters\Part_time_work\NACAS\Job\Arafura\z6a\IX-12-49807_0057_1086.JPG,1085
C:\Personal\Masters\Part_time_work\NACAS\Job\Arafura\z6a\IX-12-49807_0057_1087.JPG,1086
C:\Personal\Masters\Part_time_work\NACAS\Job\Arafura\z6a\IX-12-49807_0057_1088.JPG,1087
C:\Personal\Masters\Part_time_work\NACAS\Job\Arafura\z6a\IX-12-49807_0057_1089.JPG,1088
C:\Personal\Masters\Part_time_work\NACAS\Job\Arafura\z6a\IX-12-49807_0057_1090.JPG,1089
C:\Personal\Masters\Part_time_work\NACAS\Job\Arafura\z6a\IX-12-49807_0057_1091.JPG,1090
C:\Personal\Masters\Part_time_work\NACAS\Job\Arafura\z6a\IX-12-49807_0057_1092.JPG,1091
C:\Personal\Masters\Part_time_work\NACAS\Job\Arafura\z6a\IX-12-49807_0057_1093.JPG,1092
C:\Personal\Masters\Part_time_work\NACAS\Job\Arafura\z6a\IX-12-49807_0057_1094.JPG,1093
C:\Personal\Masters\Part_time_work\NACAS\Job\Arafura\z6a\IX-12-49807_0057_1095.JPG,1094
C:\Personal\Masters\Part_time_work\NACAS\Job\Arafura\z6a\IX-12-49807_0057_1096.JPG,1095
C:\Personal\Masters\Part_time_work\NACAS\Job\Arafura\z6a\IX-12-49807_0057_1097.JPG,1096
C:\Personal\Masters\Part_time_work\NACAS\Job\Arafura\z6a\IX-12-49807_0057_1098.JPG,1097
C:\Personal\Masters\Part_time_work\NACAS\Job\Arafura\z6a\IX-12-49807_0057_1099.JPG,1098
C:\Personal\Masters\Part_time_work\NACAS\Job\Arafura\z6a\IX-12-49807_0057_1100.JPG,1099
C:\Personal\Masters\Part_time_work\NACAS\Job\Arafura\z6a\IX-12-49807_0057_1101.JPG,1100
C:\Personal\Masters\Part_time_work\NACAS\Job\Arafura\z6a\IX-12-49807_0057_1102.JPG,1101
C:\Personal\Masters\Part_time_work\NACAS\Job\Arafura\z6a\IX-12-49807_0057_1103.JPG,1102
C:\Personal\Masters\Part_time_work\NACAS\Job\Arafura\z6a\IX-12-49807_0057_1104.JPG,1103
C:\Personal\Masters\Part_time_work\NACAS\Job\Arafura\z6a\IX-12-49807_0057_1105.JPG,1104
C:\Personal\Masters\Part_time_work\NACAS\Job\Arafura\z6a\IX-12-49807_0057_1106.JPG,1105
C:\Personal\Masters\Part_time_work\NACAS\Job\Arafura\z6a\IX-12-49807_0057_1107.JPG,1106
C:\Personal\Masters\Part_time_work\NACAS\Job\Arafura\z6a\IX-12-49807_0057_1108.JPG,1107
C:\Personal\Masters\Part_time_work\NACAS\Job\Arafura\z6a\IX-12-49807_0057_1109.JPG,1108
C:\Personal\Masters\Part_time_work\NACAS\Job\Arafura\z6a\IX-12-49807_0057_1110.JPG,1109
C:\Personal\Masters\Part_time_work\NACAS\Job\Arafura\z6a\IX-12-49807_0057_1111.JPG,1110
C:\Personal\Masters\Part_time_work\NACAS\Job\Arafura\z6a\IX-12-49807_0057_1112.JPG,1111
C:\Personal\Masters\Part_time_work\NACAS\Job\Arafura\z6a\IX-12-49807_0057_1113.JPG,1112
C:\Personal\Masters\Part_time_work\NACAS\Job\Arafura\z6a\IX-12-49807_0057_1114.JPG,1113
C:\Personal\Masters\Part_time_work\NACAS\Job\Arafura\z6a\IX-12-49807_0057_1115.JPG,1114
C:\Personal\Masters\Part_time_work\NACAS\Job\Arafura\z6a\IX-12-49807_0057_1116.JPG,1115
C:\Personal\Masters\Part_time_work\NACAS\Job\Arafura\z6a\IX-12-49807_0057_1117.JPG,1116
C:\Personal\Masters\Part_time_work\NACAS\Job\Arafura\z6a\IX-12-49807_0057_1118.JPG,1117
C:\Personal\Masters\Part_time_work\NACAS\Job\Arafura\z6a\IX-12-49807_0057_1119.JPG,1118
C:\Personal\Masters\Part_time_work\NACAS\Job\Arafura\z6a\IX-12-49807_0057_1120.JPG,1119
C:\Personal\Masters\Part_time_work\NACAS\Job\Arafura\z6a\IX-12-49807_0057_1121.JPG,1120
C:\Personal\Masters\Part_time_work\NACAS\Job\Arafura\z6a\IX-12-49807_0057_1122.JPG,1121
C:\Personal\Masters\Part_time_work\NACAS\Job\Arafura\z6a\IX-12-49807_0057_1123.JPG,1122
C:\Personal\Masters\Part_time_work\NACAS\Job\Arafura\z6a\IX-12-49807_0057_1124.JPG,1123
C:\Personal\Masters\Part_time_work\NACAS\Job\Arafura\z6a\IX-12-49807_0057_1125.JPG,1124
C:\Personal\Masters\Part_time_work\NACAS\Job\Arafura\z6a\IX-12-49807_0057_1126.JPG,1125
C:\Personal\Masters\Part_time_work\NACAS\Job\Arafura\z6a\IX-12-49807_0057_1127.JPG,1126
C:\Personal\Masters\Part_time_work\NACAS\Job\Arafura\z6a\IX-12-49807_0057_1128.JPG,1127
C:\Personal\Masters\Part_time_work\NACAS\Job\Arafura\z6a\IX-12-49807_0057_1129.JPG,1128
C:\Personal\Masters\Part_time_work\NACAS\Job\Arafura\z6a\IX-12-49807_0057_1130.JPG,1129
C:\Personal\Masters\Part_time_work\NACAS\Job\Arafura\z6a\IX-12-49807_0057_1131.JPG,1130
C:\Personal\Masters\Part_time_work\NACAS\Job\Arafura\z6a\IX-12-49807_0057_1132.JPG,1131
C:\Personal\Masters\Part_time_work\NACAS\Job\Arafura\z6a\IX-12-49807_0057_1133.JPG,1132
C:\Personal\Masters\Part_time_work\NACAS\Job\Arafura\z6a\IX-12-49807_0057_1134.JPG,1133
C:\Personal\Masters\Part_time_work\NACAS\Job\Arafura\z6a\IX-12-49807_0057_1135.JPG,1134
C:\Personal\Masters\Part_time_work\NACAS\Job\Arafura\z6a\IX-12-49807_0057_1136.JPG,1135
C:\Personal\Masters\Part_time_work\NACAS\Job\Arafura\z6a\IX-12-49807_0057_1137.JPG,1136
C:\Personal\Masters\Part_time_work\NACAS\Job\Arafura\z6a\IX-12-49807_0057_1138.JPG,1137
C:\Personal\Masters\Part_time_work\NACAS\Job\Arafura\z6a\IX-12-49807_0057_1139.JPG,1138
C:\Personal\Masters\Part_time_work\NACAS\Job\Arafura\z6a\IX-12-49807_0057_1140.JPG,1139
C:\Personal\Masters\Part_time_work\NACAS\Job\Arafura\z6a\IX-12-49807_0057_1141.JPG,1140
C:\Personal\Masters\Part_time_work\NACAS\Job\Arafura\z6a\IX-12-49807_0057_1142.JPG,1141
C:\Personal\Masters\Part_time_work\NACAS\Job\Arafura\z6a\IX-12-49807_0057_1143.JPG,1142
C:\Personal\Masters\Part_time_work\NACAS\Job\Arafura\z6a\IX-12-49807_0057_1144.JPG,1143
C:\Personal\Masters\Part_time_work\NACAS\Job\Arafura\z6a\IX-12-49807_0057_1145.JPG,1144
C:\Personal\Masters\Part_time_work\NACAS\Job\Arafura\z6a\IX-12-49807_0057_1146.JPG,1145
C:\Personal\Masters\Part_time_work\NACAS\Job\Arafura\z6a\IX-12-49807_0057_1147.JPG,1146
C:\Personal\Masters\Part_time_work\NACAS\Job\Arafura\z6a\IX-12-49807_0057_1148.JPG,1147
C:\Personal\Masters\Part_time_work\NACAS\Job\Arafura\z6a\IX-12-49807_0057_1149.JPG,1148
C:\Personal\Masters\Part_time_work\NACAS\Job\Arafura\z6a\IX-12-49807_0057_1150.JPG,1149
C:\Personal\Masters\Part_time_work\NACAS\Job\Arafura\z6a\IX-12-49807_0057_1151.JPG,1150
C:\Personal\Masters\Part_time_work\NACAS\Job\Arafura\z6a\IX-12-49807_0057_1152.JPG,1151
C:\Personal\Masters\Part_time_work\NACAS\Job\Arafura\z6a\IX-12-49807_0057_1153.JPG,1152
C:\Personal\Masters\Part_time_work\NACAS\Job\Arafura\z6a\IX-12-49807_0057_1154.JPG,1153
C:\Personal\Masters\Part_time_work\NACAS\Job\Arafura\z6a\IX-12-49807_0057_1155.JPG,1154
C:\Personal\Masters\Part_time_work\NACAS\Job\Arafura\z6a\IX-12-49807_0057_1156.JPG,1155
C:\Personal\Masters\Part_time_work\NACAS\Job\Arafura\z6a\IX-12-49807_0057_1157.JPG,1156
C:\Personal\Masters\Part_time_work\NACAS\Job\Arafura\z6a\IX-12-49807_0057_1158.JPG,1157
C:\Personal\Masters\Part_time_work\NACAS\Job\Arafura\z6a\IX-12-49807_0057_1159.JPG,1158
C:\Personal\Masters\Part_time_work\NACAS\Job\Arafura\z6a\IX-12-49807_0057_1160.JPG,1159
C:\Personal\Masters\Part_time_work\NACAS\Job\Arafura\z6a\IX-12-49807_0057_1161.JPG,1160
C:\Personal\Masters\Part_time_work\NACAS\Job\Arafura\z6a\IX-12-49807_0057_1162.JPG,1161
C:\Personal\Masters\Part_time_work\NACAS\Job\Arafura\z6a\IX-12-49807_0057_1163.JPG,1162
C:\Personal\Masters\Part_time_work\NACAS\Job\Arafura\z6a\IX-12-49807_0057_1164.JPG,1163
C:\Personal\Masters\Part_time_work\NACAS\Job\Arafura\z6a\IX-12-49807_0057_1165.JPG,1164
C:\Personal\Masters\Part_time_work\NACAS\Job\Arafura\z6a\IX-12-49807_0057_1166.JPG,1165
C:\Personal\Masters\Part_time_work\NACAS\Job\Arafura\z6a\IX-12-49807_0057_1167.JPG,1166
C:\Personal\Masters\Part_time_work\NACAS\Job\Arafura\z6a\IX-12-49807_0057_1168.JPG,1167
C:\Personal\Masters\Part_time_work\NACAS\Job\Arafura\z6a\IX-12-49807_0057_1169.JPG,1168
C:\Personal\Masters\Part_time_work\NACAS\Job\Arafura\z6a\IX-12-49807_0057_1170.JPG,1169
C:\Personal\Masters\Part_time_work\NACAS\Job\Arafura\z6a\IX-12-49807_0057_1171.JPG,1170
C:\Personal\Masters\Part_time_work\NACAS\Job\Arafura\z6a\IX-12-49807_0057_1172.JPG,1171
C:\Personal\Masters\Part_time_work\NACAS\Job\Arafura\z6a\IX-12-49807_0057_1173.JPG,1172
C:\Personal\Masters\Part_time_work\NACAS\Job\Arafura\z6a\IX-12-49807_0057_1174.JPG,1173
C:\Personal\Masters\Part_time_work\NACAS\Job\Arafura\z6a\IX-12-49807_0057_1175.JPG,1174
C:\Personal\Masters\Part_time_work\NACAS\Job\Arafura\z6a\IX-12-49807_0057_1176.JPG,1175
C:\Personal\Masters\Part_time_work\NACAS\Job\Arafura\z6a\IX-12-49807_0057_1177.JPG,1176
C:\Personal\Masters\Part_time_work\NACAS\Job\Arafura\z6a\IX-12-49807_0057_1178.JPG,1177
C:\Personal\Masters\Part_time_work\NACAS\Job\Arafura\z6a\IX-12-49807_0057_1179.JPG,1178
C:\Personal\Masters\Part_time_work\NACAS\Job\Arafura\z6a\IX-12-49807_0057_1180.JPG,1179
C:\Personal\Masters\Part_time_work\NACAS\Job\Arafura\z6a\IX-12-49807_0057_1181.JPG,1180
C:\Personal\Masters\Part_time_work\NACAS\Job\Arafura\z6a\IX-12-49807_0057_1182.JPG,1181
C:\Personal\Masters\Part_time_work\NACAS\Job\Arafura\z6a\IX-12-49807_0057_1183.JPG,1182
C:\Personal\Masters\Part_time_work\NACAS\Job\Arafura\z6a\IX-12-49807_0057_1184.JPG,1183
C:\Personal\Masters\Part_time_work\NACAS\Job\Arafura\z6a\IX-12-49807_0057_1185.JPG,1184
C:\Personal\Masters\Part_time_work\NACAS\Job\Arafura\z6a\IX-12-49807_0057_1186.JPG,1185
C:\Personal\Masters\Part_time_work\NACAS\Job\Arafura\z6a\IX-12-49807_0057_1187.JPG,1186
C:\Personal\Masters\Part_time_work\NACAS\Job\Arafura\z6a\IX-12-49807_0057_1188.JPG,1187
C:\Personal\Masters\Part_time_work\NACAS\Job\Arafura\z6a\IX-12-49807_0057_1189.JPG,1188
C:\Personal\Masters\Part_time_work\NACAS\Job\Arafura\z6a\IX-12-49807_0057_1190.JPG,1189
C:\Personal\Masters\Part_time_work\NACAS\Job\Arafura\z6a\IX-12-49807_0057_1191.JPG,1190
C:\Personal\Masters\Part_time_work\NACAS\Job\Arafura\z6a\IX-12-49807_0057_1192.JPG,1191
C:\Personal\Masters\Part_time_work\NACAS\Job\Arafura\z6a\IX-12-49807_0057_1193.JPG,1192
C:\Personal\Masters\Part_time_work\NACAS\Job\Arafura\z6a\IX-12-49807_0057_1194.JPG,1193
C:\Personal\Masters\Part_time_work\NACAS\Job\Arafura\z6a\IX-12-49807_0057_1195.JPG,1194
C:\Personal\Masters\Part_time_work\NACAS\Job\Arafura\z6a\IX-12-49807_0057_1196.JPG,1195
C:\Personal\Masters\Part_time_work\NACAS\Job\Arafura\z6a\IX-12-49807_0057_1197.JPG,1196
C:\Personal\Masters\Part_time_work\NACAS\Job\Arafura\z6a\IX-12-49807_0057_1198.JPG,1197
C:\Personal\Masters\Part_time_work\NACAS\Job\Arafura\z6a\IX-12-49807_0057_1199.JPG,1198
C:\Personal\Masters\Part_time_work\NACAS\Job\Arafura\z6a\IX-12-49807_0057_1200.JPG,1199
C:\Personal\Masters\Part_time_work\NACAS\Job\Arafura\z6a\IX-12-49807_0057_1201.JPG,1200
C:\Personal\Masters\Part_time_work\NACAS\Job\Arafura\z6a\IX-12-49807_0057_1202.JPG,1201
C:\Personal\Masters\Part_time_work\NACAS\Job\Arafura\z6a\IX-12-49807_0057_1203.JPG,1202
C:\Personal\Masters\Part_time_work\NACAS\Job\Arafura\z6a\IX-12-49807_0057_1204.JPG,1203
C:\Personal\Masters\Part_time_work\NACAS\Job\Arafura\z6a\IX-12-49807_0057_1205.JPG,1204
C:\Personal\Masters\Part_time_work\NACAS\Job\Arafura\z6a\IX-12-49807_0057_1206.JPG,1205
C:\Personal\Masters\Part_time_work\NACAS\Job\Arafura\z6a\IX-12-49807_0057_1207.JPG,1206
C:\Personal\Masters\Part_time_work\NACAS\Job\Arafura\z6a\IX-12-49807_0057_1208.JPG,1207
C:\Personal\Masters\Part_time_work\NACAS\Job\Arafura\z6a\IX-12-49807_0057_1209.JPG,1208
C:\Personal\Masters\Part_time_work\NACAS\Job\Arafura\z6a\IX-12-49807_0057_1210.JPG,1209
C:\Personal\Masters\Part_time_work\NACAS\Job\Arafura\z6a\IX-12-49807_0057_1211.JPG,1210
C:\Personal\Masters\Part_time_work\NACAS\Job\Arafura\z6a\IX-12-49807_0057_1212.JPG,1211
C:\Personal\Masters\Part_time_work\NACAS\Job\Arafura\z6a\IX-12-49807_0057_1213.JPG,1212
C:\Personal\Masters\Part_time_work\NACAS\Job\Arafura\z6a\IX-12-49807_0057_1214.JPG,1213
C:\Personal\Masters\Part_time_work\NACAS\Job\Arafura\z6a\IX-12-49807_0057_1215.JPG,1214
C:\Personal\Masters\Part_time_work\NACAS\Job\Arafura\z6a\IX-12-49807_0057_1216.JPG,1215
C:\Personal\Masters\Part_time_work\NACAS\Job\Arafura\z6a\IX-12-49807_0057_1217.JPG,1216
C:\Personal\Masters\Part_time_work\NACAS\Job\Arafura\z6a\IX-12-49807_0057_1218.JPG,1217
C:\Personal\Masters\Part_time_work\NACAS\Job\Arafura\z6a\IX-12-49807_0057_1219.JPG,1218
C:\Personal\Masters\Part_time_work\NACAS\Job\Arafura\z6a\IX-12-49807_0057_1220.JPG,1219
C:\Personal\Masters\Part_time_work\NACAS\Job\Arafura\z6a\IX-12-49807_0057_1221.JPG,1220
C:\Personal\Masters\Part_time_work\NACAS\Job\Arafura\z6a\IX-12-49807_0057_1222.JPG,1221
C:\Personal\Masters\Part_time_work\NACAS\Job\Arafura\z6a\IX-12-49807_0057_1223.JPG,1222
C:\Personal\Masters\Part_time_work\NACAS\Job\Arafura\z6a\IX-12-49807_0057_1224.JPG,1223
C:\Personal\Masters\Part_time_work\NACAS\Job\Arafura\z6a\IX-12-49807_0057_1225.JPG,1224
C:\Personal\Masters\Part_time_work\NACAS\Job\Arafura\z6a\IX-12-49807_0057_1226.JPG,1225
C:\Personal\Masters\Part_time_work\NACAS\Job\Arafura\z6a\IX-12-49807_0057_1227.JPG,1226
C:\Personal\Masters\Part_time_work\NACAS\Job\Arafura\z6a\IX-12-49807_0057_1228.JPG,1227
C:\Personal\Masters\Part_time_work\NACAS\Job\Arafura\z6a\IX-12-49807_0057_1229.JPG,1228
C:\Personal\Masters\Part_time_work\NACAS\Job\Arafura\z6a\IX-12-49807_0057_1230.JPG,1229
C:\Personal\Masters\Part_time_work\NACAS\Job\Arafura\z6a\IX-12-49807_0057_1231.JPG,1230
C:\Personal\Masters\Part_time_work\NACAS\Job\Arafura\z6a\IX-12-49807_0057_1232.JPG,1231
C:\Personal\Masters\Part_time_work\NACAS\Job\Arafura\z6a\IX-12-49807_0057_1233.JPG,1232
C:\Personal\Masters\Part_time_work\NACAS\Job\Arafura\z6a\IX-12-49807_0057_1234.JPG,1233
C:\Personal\Masters\Part_time_work\NACAS\Job\Arafura\z6a\IX-12-49807_0057_1235.JPG,1234
C:\Personal\Masters\Part_time_work\NACAS\Job\Arafura\z6a\IX-12-49807_0057_1236.JPG,1235
C:\Personal\Masters\Part_time_work\NACAS\Job\Arafura\z6a\IX-12-49807_0057_1237.JPG,1236
C:\Personal\Masters\Part_time_work\NACAS\Job\Arafura\z6a\IX-12-49807_0057_1238.JPG,1237
C:\Personal\Masters\Part_time_work\NACAS\Job\Arafura\z6a\IX-12-49807_0057_1239.JPG,1238
C:\Personal\Masters\Part_time_work\NACAS\Job\Arafura\z6a\IX-12-49807_0057_1240.JPG,1239
C:\Personal\Masters\Part_time_work\NACAS\Job\Arafura\z6a\IX-12-49807_0057_1241.JPG,1240
C:\Personal\Masters\Part_time_work\NACAS\Job\Arafura\z6a\IX-12-49807_0057_1242.JPG,1241
C:\Personal\Masters\Part_time_work\NACAS\Job\Arafura\z6a\IX-12-49807_0057_1243.JPG,1242
C:\Personal\Masters\Part_time_work\NACAS\Job\Arafura\z6a\IX-12-49807_0057_1244.JPG,1243
C:\Personal\Masters\Part_time_work\NACAS\Job\Arafura\z6a\IX-12-49807_0057_1245.JPG,1244
C:\Personal\Masters\Part_time_work\NACAS\Job\Arafura\z6a\IX-12-49807_0057_1246.JPG,1245
C:\Personal\Masters\Part_time_work\NACAS\Job\Arafura\z6a\IX-12-49807_0057_1247.JPG,1246
C:\Personal\Masters\Part_time_work\NACAS\Job\Arafura\z6a\IX-12-49807_0057_1248.JPG,1247
C:\Personal\Masters\Part_time_work\NACAS\Job\Arafura\z6a\IX-12-49807_0057_1249.JPG,1248
C:\Personal\Masters\Part_time_work\NACAS\Job\Arafura\z6a\IX-12-49807_0057_1250.JPG,1249
C:\Personal\Masters\Part_time_work\NACAS\Job\Arafura\z6a\IX-12-49807_0057_1251.JPG,1250
C:\Personal\Masters\Part_time_work\NACAS\Job\Arafura\z6a\IX-12-49807_0057_1252.JPG,1251
C:\Personal\Masters\Part_time_work\NACAS\Job\Arafura\z6a\IX-12-49807_0057_1253.JPG,1252
C:\Personal\Masters\Part_time_work\NACAS\Job\Arafura\z6a\IX-12-49807_0057_1254.JPG,1253
C:\Personal\Masters\Part_time_work\NACAS\Job\Arafura\z6a\IX-12-49807_0057_1255.JPG,1254
C:\Personal\Masters\Part_time_work\NACAS\Job\Arafura\z6a\IX-12-49807_0057_1256.JPG,1255
C:\Personal\Masters\Part_time_work\NACAS\Job\Arafura\z6a\IX-12-49807_0057_1257.JPG,1256
C:\Personal\Masters\Part_time_work\NACAS\Job\Arafura\z6a\IX-12-49807_0057_1258.JPG,1257
C:\Personal\Masters\Part_time_work\NACAS\Job\Arafura\z6a\IX-12-49807_0057_1259.JPG,1258
C:\Personal\Masters\Part_time_work\NACAS\Job\Arafura\z6a\IX-12-49807_0057_1260.JPG,1259
C:\Personal\Masters\Part_time_work\NACAS\Job\Arafura\z6a\IX-12-49807_0057_1261.JPG,1260
C:\Personal\Masters\Part_time_work\NACAS\Job\Arafura\z6a\IX-12-49807_0057_1262.JPG,1261
C:\Personal\Masters\Part_time_work\NACAS\Job\Arafura\z6a\IX-12-49807_0057_1263.JPG,1262
C:\Personal\Masters\Part_time_work\NACAS\Job\Arafura\z6a\IX-12-49807_0057_1264.JPG,1263
C:\Personal\Masters\Part_time_work\NACAS\Job\Arafura\z6a\IX-12-49807_0057_1265.JPG,1264
C:\Personal\Masters\Part_time_work\NACAS\Job\Arafura\z6a\IX-12-49807_0057_1266.JPG,1265
C:\Personal\Masters\Part_time_work\NACAS\Job\Arafura\z6a\IX-12-49807_0057_1267.JPG,1266
C:\Personal\Masters\Part_time_work\NACAS\Job\Arafura\z6a\IX-12-49807_0057_1268.JPG,1267
C:\Personal\Masters\Part_time_work\NACAS\Job\Arafura\z6a\IX-12-49807_0057_1269.JPG,1268
C:\Personal\Masters\Part_time_work\NACAS\Job\Arafura\z6a\IX-12-49807_0057_1270.JPG,1269
C:\Personal\Masters\Part_time_work\NACAS\Job\Arafura\z6a\IX-12-49807_0057_1271.JPG,1270
C:\Personal\Masters\Part_time_work\NACAS\Job\Arafura\z6a\IX-12-49807_0057_1272.JPG,1271
C:\Personal\Masters\Part_time_work\NACAS\Job\Arafura\z6a\IX-12-49807_0057_1273.JPG,1272
C:\Personal\Masters\Part_time_work\NACAS\Job\Arafura\z6a\IX-12-49807_0057_1274.JPG,1273
C:\Personal\Masters\Part_time_work\NACAS\Job\Arafura\z6a\IX-12-49807_0057_1275.JPG,1274
C:\Personal\Masters\Part_time_work\NACAS\Job\Arafura\z6a\IX-12-49807_0057_1276.JPG,1275
C:\Personal\Masters\Part_time_work\NACAS\Job\Arafura\z6a\IX-12-49807_0057_1277.JPG,1276
C:\Personal\Masters\Part_time_work\NACAS\Job\Arafura\z6a\IX-12-49807_0057_1278.JPG,1277
C:\Personal\Masters\Part_time_work\NACAS\Job\Arafura\z6a\IX-12-49807_0057_1279.JPG,1278
C:\Personal\Masters\Part_time_work\NACAS\Job\Arafura\z6a\IX-12-49807_0057_1280.JPG,1279
C:\Personal\Masters\Part_time_work\NACAS\Job\Arafura\z6a\IX-12-49807_0057_1281.JPG,1280
C:\Personal\Masters\Part_time_work\NACAS\Job\Arafura\z6a\IX-12-49807_0057_1282.JPG,1281
C:\Personal\Masters\Part_time_work\NACAS\Job\Arafura\z6a\IX-12-49807_0057_1283.JPG,1282
C:\Personal\Masters\Part_time_work\NACAS\Job\Arafura\z6a\IX-12-49807_0057_1284.JPG,1283
C:\Personal\Masters\Part_time_work\NACAS\Job\Arafura\z6a\IX-12-49807_0057_1285.JPG,1284
C:\Personal\Masters\Part_time_work\NACAS\Job\Arafura\z6a\IX-12-49807_0057_1286.JPG,1285
C:\Personal\Masters\Part_time_work\NACAS\Job\Arafura\z6a\IX-12-49807_0057_1287.JPG,1286
C:\Personal\Masters\Part_time_work\NACAS\Job\Arafura\z6a\IX-12-49807_0057_1288.JPG,1287
C:\Personal\Masters\Part_time_work\NACAS\Job\Arafura\z6a\IX-12-49807_0057_1289.JPG,1288
C:\Personal\Masters\Part_time_work\NACAS\Job\Arafura\z6a\IX-12-49807_0057_1290.JPG,1289
C:\Personal\Masters\Part_time_work\NACAS\Job\Arafura\z6a\IX-12-49807_0057_1291.JPG,1290
C:\Personal\Masters\Part_time_work\NACAS\Job\Arafura\z6a\IX-12-49807_0057_1292.JPG,1291
C:\Personal\Masters\Part_time_work\NACAS\Job\Arafura\z6a\IX-12-49807_0057_1293.JPG,1292
C:\Personal\Masters\Part_time_work\NACAS\Job\Arafura\z6a\IX-12-49807_0057_1294.JPG,1293
C:\Personal\Masters\Part_time_work\NACAS\Job\Arafura\z6a\IX-12-49807_0057_1295.JPG,1294
C:\Personal\Masters\Part_time_work\NACAS\Job\Arafura\z6a\IX-12-49807_0057_1296.JPG,1295
C:\Personal\Masters\Part_time_work\NACAS\Job\Arafura\z6a\IX-12-49807_0057_1297.JPG,1296
C:\Personal\Masters\Part_time_work\NACAS\Job\Arafura\z6a\IX-12-49807_0057_1298.JPG,1297
C:\Personal\Masters\Part_time_work\NACAS\Job\Arafura\z6a\IX-12-49807_0057_1299.JPG,1298
C:\Personal\Masters\Part_time_work\NACAS\Job\Arafura\z6a\IX-12-49807_0057_1300.JPG,1299
C:\Personal\Masters\Part_time_work\NACAS\Job\Arafura\z6a\IX-12-49807_0057_1301.JPG,1300
C:\Personal\Masters\Part_time_work\NACAS\Job\Arafura\z6a\IX-12-49807_0057_1302.JPG,1301
C:\Personal\Masters\Part_time_work\NACAS\Job\Arafura\z6a\IX-12-49807_0057_1303.JPG,1302
C:\Personal\Masters\Part_time_work\NACAS\Job\Arafura\z6a\IX-12-49807_0057_1304.JPG,1303
C:\Personal\Masters\Part_time_work\NACAS\Job\Arafura\z6a\IX-12-49807_0057_1305.JPG,1304
C:\Personal\Masters\Part_time_work\NACAS\Job\Arafura\z6a\IX-12-49807_0057_1306.JPG,1305
C:\Personal\Masters\Part_time_work\NACAS\Job\Arafura\z6a\IX-12-49807_0057_1307.JPG,1306
C:\Personal\Masters\Part_time_work\NACAS\Job\Arafura\z6a\IX-12-49807_0057_1308.JPG,1307
C:\Personal\Masters\Part_time_work\NACAS\Job\Arafura\z6a\IX-12-49807_0057_1309.JPG,1308
C:\Personal\Masters\Part_time_work\NACAS\Job\Arafura\z6a\IX-12-49807_0057_1310.JPG,1309
C:\Personal\Masters\Part_time_work\NACAS\Job\Arafura\z6a\IX-12-49807_0057_1311.JPG,1310
C:\Personal\Masters\Part_time_work\NACAS\Job\Arafura\z6a\IX-12-49807_0057_1312.JPG,1311
C:\Personal\Masters\Part_time_work\NACAS\Job\Arafura\z6a\IX-12-49807_0057_1313.JPG,1312
C:\Personal\Masters\Part_time_work\NACAS\Job\Arafura\z6a\IX-12-49807_0057_1314.JPG,1313
C:\Personal\Masters\Part_time_work\NACAS\Job\Arafura\z6a\IX-12-49807_0057_1315.JPG,1314
C:\Personal\Masters\Part_time_work\NACAS\Job\Arafura\z6a\IX-12-49807_0057_1316.JPG,1315
C:\Personal\Masters\Part_time_work\NACAS\Job\Arafura\z6a\IX-12-49807_0057_1317.JPG,1316
C:\Personal\Masters\Part_time_work\NACAS\Job\Arafura\z6a\IX-12-49807_0057_1318.JPG,1317
C:\Personal\Masters\Part_time_work\NACAS\Job\Arafura\z6a\IX-12-49807_0057_1319.JPG,1318
C:\Personal\Masters\Part_time_work\NACAS\Job\Arafura\z6a\IX-12-49807_0057_1320.JPG,1319
C:\Personal\Masters\Part_time_work\NACAS\Job\Arafura\z6a\IX-12-49807_0057_1321.JPG,1320
C:\Personal\Masters\Part_time_work\NACAS\Job\Arafura\z6a\IX-12-49807_0057_1322.JPG,1321
C:\Personal\Masters\Part_time_work\NACAS\Job\Arafura\z6a\IX-12-49807_0057_1323.JPG,1322
C:\Personal\Masters\Part_time_work\NACAS\Job\Arafura\z6a\IX-12-49807_0057_1324.JPG,1323
C:\Personal\Masters\Part_time_work\NACAS\Job\Arafura\z6a\IX-12-49807_0057_1325.JPG,1324
C:\Personal\Masters\Part_time_work\NACAS\Job\Arafura\z6a\IX-12-49807_0057_1326.JPG,1325
C:\Personal\Masters\Part_time_work\NACAS\Job\Arafura\z6a\IX-12-49807_0057_1327.JPG,1326
C:\Personal\Masters\Part_time_work\NACAS\Job\Arafura\z6a\IX-12-49807_0057_1328.JPG,1327
C:\Personal\Masters\Part_time_work\NACAS\Job\Arafura\z6a\IX-12-49807_0057_1329.JPG,1328
C:\Personal\Masters\Part_time_work\NACAS\Job\Arafura\z6a\IX-12-49807_0057_1330.JPG,1329
C:\Personal\Masters\Part_time_work\NACAS\Job\Arafura\z6a\IX-12-49807_0057_1331.JPG,1330
C:\Personal\Masters\Part_time_work\NACAS\Job\Arafura\z6a\IX-12-49807_0057_1332.JPG,1331
C:\Personal\Masters\Part_time_work\NACAS\Job\Arafura\z6a\IX-12-49807_0057_1333.JPG,1332
C:\Personal\Masters\Part_time_work\NACAS\Job\Arafura\z6a\IX-12-49807_0057_1334.JPG,1333
C:\Personal\Masters\Part_time_work\NACAS\Job\Arafura\z6a\IX-12-49807_0057_1335.JPG,1334
C:\Personal\Masters\Part_time_work\NACAS\Job\Arafura\z6a\IX-12-49807_0057_1336.JPG,1335
C:\Personal\Masters\Part_time_work\NACAS\Job\Arafura\z6a\IX-12-49807_0057_1337.JPG,1336
C:\Personal\Masters\Part_time_work\NACAS\Job\Arafura\z6a\IX-12-49807_0057_1338.JPG,1337
C:\Personal\Masters\Part_time_work\NACAS\Job\Arafura\z6a\IX-12-49807_0057_1339.JPG,1338
C:\Personal\Masters\Part_time_work\NACAS\Job\Arafura\z6a\IX-12-49807_0057_1340.JPG,1339
C:\Personal\Masters\Part_time_work\NACAS\Job\Arafura\z6a\IX-12-49807_0057_1341.JPG,1340
C:\Personal\Masters\Part_time_work\NACAS\Job\Arafura\z6a\IX-12-49807_0057_1342.JPG,1341
C:\Personal\Masters\Part_time_work\NACAS\Job\Arafura\z6a\IX-12-49807_0057_1343.JPG,1342
C:\Personal\Masters\Part_time_work\NACAS\Job\Arafura\z6a\IX-12-49807_0057_1344.JPG,1343
C:\Personal\Masters\Part_time_work\NACAS\Job\Arafura\z6a\IX-12-49807_0057_1345.JPG,1344
C:\Personal\Masters\Part_time_work\NACAS\Job\Arafura\z6a\IX-12-49807_0057_1346.JPG,1345
C:\Personal\Masters\Part_time_work\NACAS\Job\Arafura\z6a\IX-12-49807_0057_1347.JPG,1346
C:\Personal\Masters\Part_time_work\NACAS\Job\Arafura\z6a\IX-12-49807_0057_1348.JPG,1347
C:\Personal\Masters\Part_time_work\NACAS\Job\Arafura\z6a\IX-12-49807_0057_1349.JPG,1348
C:\Personal\Masters\Part_time_work\NACAS\Job\Arafura\z6a\IX-12-49807_0057_1350.JPG,1349
C:\Personal\Masters\Part_time_work\NACAS\Job\Arafura\z6a\IX-12-49807_0057_1351.JPG,1350
C:\Personal\Masters\Part_time_work\NACAS\Job\Arafura\z6a\IX-12-49807_0057_1352.JPG,1351
C:\Personal\Masters\Part_time_work\NACAS\Job\Arafura\z6a\IX-12-49807_0057_1353.JPG,1352
C:\Personal\Masters\Part_time_work\NACAS\Job\Arafura\z6a\IX-12-49807_0057_1354.JPG,1353
C:\Personal\Masters\Part_time_work\NACAS\Job\Arafura\z6a\IX-12-49807_0057_1355.JPG,1354
C:\Personal\Masters\Part_time_work\NACAS\Job\Arafura\z6a\IX-12-49807_0057_1356.JPG,1355
C:\Personal\Masters\Part_time_work\NACAS\Job\Arafura\z6a\IX-12-49807_0057_1357.JPG,1356
C:\Personal\Masters\Part_time_work\NACAS\Job\Arafura\z6a\IX-12-49807_0057_1358.JPG,1357
C:\Personal\Masters\Part_time_work\NACAS\Job\Arafura\z6a\IX-12-49807_0057_1359.JPG,1358
C:\Personal\Masters\Part_time_work\NACAS\Job\Arafura\z6a\IX-12-49807_0057_1360.JPG,1359
C:\Personal\Masters\Part_time_work\NACAS\Job\Arafura\z6a\IX-12-49807_0057_1361.JPG,1360
C:\Personal\Masters\Part_time_work\NACAS\Job\Arafura\z6a\IX-12-49807_0057_1362.JPG,1361
C:\Personal\Masters\Part_time_work\NACAS\Job\Arafura\z6a\IX-12-49807_0057_1363.JPG,1362
C:\Personal\Masters\Part_time_work\NACAS\Job\Arafura\z6a\IX-12-49807_0057_1364.JPG,1363
C:\Personal\Masters\Part_time_work\NACAS\Job\Arafura\z6a\IX-12-49807_0057_1365.JPG,1364
C:\Personal\Masters\Part_time_work\NACAS\Job\Arafura\z6a\IX-12-49807_0057_1366.JPG,1365
C:\Personal\Masters\Part_time_work\NACAS\Job\Arafura\z6a\IX-12-49807_0057_1367.JPG,1366
C:\Personal\Masters\Part_time_work\NACAS\Job\Arafura\z6a\IX-12-49807_0057_1368.JPG,1367
C:\Personal\Masters\Part_time_work\NACAS\Job\Arafura\z6a\IX-12-49807_0057_1369.JPG,1368
C:\Personal\Masters\Part_time_work\NACAS\Job\Arafura\z6a\IX-12-49807_0057_1370.JPG,1369
C:\Personal\Masters\Part_time_work\NACAS\Job\Arafura\z6a\IX-12-49807_0057_1371.JPG,1370
C:\Personal\Masters\Part_time_work\NACAS\Job\Arafura\z6a\IX-12-49807_0057_1372.JPG,1371
C:\Personal\Masters\Part_time_work\NACAS\Job\Arafura\z6a\IX-12-49807_0057_1373.JPG,1372
C:\Personal\Masters\Part_time_work\NACAS\Job\Arafura\z6a\IX-12-49807_0057_1374.JPG,1373
C:\Personal\Masters\Part_time_work\NACAS\Job\Arafura\z6a\IX-12-49807_0057_1375.JPG,1374
C:\Personal\Masters\Part_time_work\NACAS\Job\Arafura\z6a\IX-12-49807_0057_1376.JPG,1375
C:\Personal\Masters\Part_time_work\NACAS\Job\Arafura\z6a\IX-12-49807_0057_1377.JPG,1376
C:\Personal\Masters\Part_time_work\NACAS\Job\Arafura\z6a\IX-12-49807_0057_1378.JPG,1377
C:\Personal\Masters\Part_time_work\NACAS\Job\Arafura\z6a\IX-12-49807_0057_1379.JPG,1378
C:\Personal\Masters\Part_time_work\NACAS\Job\Arafura\z6a\IX-12-49807_0057_1380.JPG,1379
C:\Personal\Masters\Part_time_work\NACAS\Job\Arafura\z6a\IX-12-49807_0057_1381.JPG,1380
C:\Personal\Masters\Part_time_work\NACAS\Job\Arafura\z6a\IX-12-49807_0057_1382.JPG,1381
C:\Personal\Masters\Part_time_work\NACAS\Job\Arafura\z6a\IX-12-49807_0057_1383.JPG,1382
C:\Personal\Masters\Part_time_work\NACAS\Job\Arafura\z6a\IX-12-49807_0057_1384.JPG,1383
C:\Personal\Masters\Part_time_work\NACAS\Job\Arafura\z6a\IX-12-49807_0057_1385.JPG,1384
C:\Personal\Masters\Part_time_work\NACAS\Job\Arafura\z6a\IX-12-49807_0057_1386.JPG,1385
C:\Personal\Masters\Part_time_work\NACAS\Job\Arafura\z6a\IX-12-49807_0057_1387.JPG,1386
C:\Personal\Masters\Part_time_work\NACAS\Job\Arafura\z6a\IX-12-49807_0057_1388.JPG,1387
C:\Personal\Masters\Part_time_work\NACAS\Job\Arafura\z6a\IX-12-49807_0057_1389.JPG,1388
C:\Personal\Masters\Part_time_work\NACAS\Job\Arafura\z6a\IX-12-49807_0057_1390.JPG,1389
C:\Personal\Masters\Part_time_work\NACAS\Job\Arafura\z6a\IX-12-49807_0057_1391.JPG,1390
C:\Personal\Masters\Part_time_work\NACAS\Job\Arafura\z6a\IX-12-49807_0057_1392.JPG,1391
C:\Personal\Masters\Part_time_work\NACAS\Job\Arafura\z6a\IX-12-49807_0057_1393.JPG,1392
C:\Personal\Masters\Part_time_work\NACAS\Job\Arafura\z6a\IX-12-49807_0057_1394.JPG,1393
C:\Personal\Masters\Part_time_work\NACAS\Job\Arafura\z6a\IX-12-49807_0057_1395.JPG,1394
C:\Personal\Masters\Part_time_work\NACAS\Job\Arafura\z6a\IX-12-49807_0057_1396.JPG,1395
C:\Personal\Masters\Part_time_work\NACAS\Job\Arafura\z6a\IX-12-49807_0057_1397.JPG,1396
C:\Personal\Masters\Part_time_work\NACAS\Job\Arafura\z6a\IX-12-49807_0057_1398.JPG,1397
C:\Personal\Masters\Part_time_work\NACAS\Job\Arafura\z6a\IX-12-49807_0057_1399.JPG,1398
C:\Personal\Masters\Part_time_work\NACAS\Job\Arafura\z6a\IX-12-49807_0057_1400.JPG,1399
C:\Personal\Masters\Part_time_work\NACAS\Job\Arafura\z6a\IX-12-49807_0057_1401.JPG,1400
C:\Personal\Masters\Part_time_work\NACAS\Job\Arafura\z6a\IX-12-49807_0057_1402.JPG,1401
C:\Personal\Masters\Part_time_work\NACAS\Job\Arafura\z6a\IX-12-49807_0057_1403.JPG,1402
C:\Personal\Masters\Part_time_work\NACAS\Job\Arafura\z6a\IX-12-49807_0057_1404.JPG,1403
C:\Personal\Masters\Part_time_work\NACAS\Job\Arafura\z6a\IX-12-49807_0057_1405.JPG,1404
C:\Personal\Masters\Part_time_work\NACAS\Job\Arafura\z6a\IX-12-49807_0057_1406.JPG,1405
C:\Personal\Masters\Part_time_work\NACAS\Job\Arafura\z6a\IX-12-49807_0057_1407.JPG,1406
C:\Personal\Masters\Part_time_work\NACAS\Job\Arafura\z6a\IX-12-49807_0057_1408.JPG,1407
C:\Personal\Masters\Part_time_work\NACAS\Job\Arafura\z6a\IX-12-49807_0057_1409.JPG,1408
C:\Personal\Masters\Part_time_work\NACAS\Job\Arafura\z6a\IX-12-49807_0057_1410.JPG,1409
C:\Personal\Masters\Part_time_work\NACAS\Job\Arafura\z6a\IX-12-49807_0057_1411.JPG,1410
C:\Personal\Masters\Part_time_work\NACAS\Job\Arafura\z6a\IX-12-49807_0057_1412.JPG,1411
C:\Personal\Masters\Part_time_work\NACAS\Job\Arafura\z6a\IX-12-49807_0057_1413.JPG,1412
C:\Personal\Masters\Part_time_work\NACAS\Job\Arafura\z6a\IX-12-49807_0057_1414.JPG,1413
C:\Personal\Masters\Part_time_work\NACAS\Job\Arafura\z6a\IX-12-49807_0057_1415.JPG,1414
C:\Personal\Masters\Part_time_work\NACAS\Job\Arafura\z6a\IX-12-49807_0057_1416.JPG,1415
C:\Personal\Masters\Part_time_work\NACAS\Job\Arafura\z6a\IX-12-49807_0057_1417.JPG,1416
C:\Personal\Masters\Part_time_work\NACAS\Job\Arafura\z6a\IX-12-49807_0057_1418.JPG,1417
C:\Personal\Masters\Part_time_work\NACAS\Job\Arafura\z6a\IX-12-49807_0057_1419.JPG,1418
C:\Personal\Masters\Part_time_work\NACAS\Job\Arafura\z6a\IX-12-49807_0057_1420.JPG,1419
C:\Personal\Masters\Part_time_work\NACAS\Job\Arafura\z6a\IX-12-49807_0057_1421.JPG,1420
C:\Personal\Masters\Part_time_work\NACAS\Job\Arafura\z6a\IX-12-49807_0057_1422.JPG,1421
C:\Personal\Masters\Part_time_work\NACAS\Job\Arafura\z6a\IX-12-49807_0057_1423.JPG,1422
C:\Personal\Masters\Part_time_work\NACAS\Job\Arafura\z6a\IX-12-49807_0057_1424.JPG,1423
C:\Personal\Masters\Part_time_work\NACAS\Job\Arafura\z6a\IX-12-49807_0057_1425.JPG,1424
C:\Personal\Masters\Part_time_work\NACAS\Job\Arafura\z6a\IX-12-49807_0057_1426.JPG,1425
C:\Personal\Masters\Part_time_work\NACAS\Job\Arafura\z6a\IX-12-49807_0057_1427.JPG,1426
C:\Personal\Masters\Part_time_work\NACAS\Job\Arafura\z6a\IX-12-49807_0057_1428.JPG,1427
C:\Personal\Masters\Part_time_work\NACAS\Job\Arafura\z6a\IX-12-49807_0057_1429.JPG,1428
C:\Personal\Masters\Part_time_work\NACAS\Job\Arafura\z6a\IX-12-49807_0057_1430.JPG,1429
C:\Personal\Masters\Part_time_work\NACAS\Job\Arafura\z6a\IX-12-49807_0057_1431.JPG,1430
C:\Personal\Masters\Part_time_work\NACAS\Job\Arafura\z6a\IX-12-49807_0057_1432.JPG,1431
C:\Personal\Masters\Part_time_work\NACAS\Job\Arafura\z6a\IX-12-49807_0057_1433.JPG,1432
C:\Personal\Masters\Part_time_work\NACAS\Job\Arafura\z6a\IX-12-49807_0057_1434.JPG,1433
C:\Personal\Masters\Part_time_work\NACAS\Job\Arafura\z6a\IX-12-49807_0057_1435.JPG,1434
C:\Personal\Masters\Part_time_work\NACAS\Job\Arafura\z6a\IX-12-49807_0057_1436.JPG,1435
C:\Personal\Masters\Part_time_work\NACAS\Job\Arafura\z6a\IX-12-49807_0057_1437.JPG,1436
C:\Personal\Masters\Part_time_work\NACAS\Job\Arafura\z6a\IX-12-49807_0057_1438.JPG,1437
C:\Personal\Masters\Part_time_work\NACAS\Job\Arafura\z6a\IX-12-49807_0057_1439.JPG,1438
C:\Personal\Masters\Part_time_work\NACAS\Job\Arafura\z6a\IX-12-49807_0057_1440.JPG,1439
C:\Personal\Masters\Part_time_work\NACAS\Job\Arafura\z6a\IX-12-49807_0057_1441.JPG,1440
C:\Personal\Masters\Part_time_work\NACAS\Job\Arafura\z6a\IX-12-49807_0057_1442.JPG,1441
C:\Personal\Masters\Part_time_work\NACAS\Job\Arafura\z6a\IX-12-49807_0057_1443.JPG,1442
C:\Personal\Masters\Part_time_work\NACAS\Job\Arafura\z6a\IX-12-49807_0057_1444.JPG,1443
C:\Personal\Masters\Part_time_work\NACAS\Job\Arafura\z6a\IX-12-49807_0057_1445.JPG,1444
C:\Personal\Masters\Part_time_work\NACAS\Job\Arafura\z6a\IX-12-49807_0057_1446.JPG,1445
C:\Personal\Masters\Part_time_work\NACAS\Job\Arafura\z6a\IX-12-49807_0057_1447.JPG,1446
C:\Personal\Masters\Part_time_work\NACAS\Job\Arafura\z6a\IX-12-49807_0057_1448.JPG,1447
C:\Personal\Masters\Part_time_work\NACAS\Job\Arafura\z6a\IX-12-49807_0057_1449.JPG,1448
C:\Personal\Masters\Part_time_work\NACAS\Job\Arafura\z6a\IX-12-49807_0057_1450.JPG,1449
C:\Personal\Masters\Part_time_work\NACAS\Job\Arafura\z6a\IX-12-49807_0057_1451.JPG,1450
C:\Personal\Masters\Part_time_work\NACAS\Job\Arafura\z6a\IX-12-49807_0057_1452.JPG,1451
C:\Personal\Masters\Part_time_work\NACAS\Job\Arafura\z6a\IX-12-49807_0057_1453.JPG,1452
C:\Personal\Masters\Part_time_work\NACAS\Job\Arafura\z6a\IX-12-49807_0057_1454.JPG,1453
C:\Personal\Masters\Part_time_work\NACAS\Job\Arafura\z6a\IX-12-49807_0057_1455.JPG,1454
C:\Personal\Masters\Part_time_work\NACAS\Job\Arafura\z6a\IX-12-49807_0057_1456.JPG,1455
C:\Personal\Masters\Part_time_work\NACAS\Job\Arafura\z6a\IX-12-49807_0057_1457.JPG,1456
C:\Personal\Masters\Part_time_work\NACAS\Job\Arafura\z6a\IX-12-49807_0057_1458.JPG,1457
C:\Personal\Masters\Part_time_work\NACAS\Job\Arafura\z6a\IX-12-49807_0057_1459.JPG,1458
C:\Personal\Masters\Part_time_work\NACAS\Job\Arafura\z6a\IX-12-49807_0057_1460.JPG,1459
C:\Personal\Masters\Part_time_work\NACAS\Job\Arafura\z6a\IX-12-49807_0057_1461.JPG,1460
C:\Personal\Masters\Part_time_work\NACAS\Job\Arafura\z6a\IX-12-49807_0057_1462.JPG,1461
C:\Personal\Masters\Part_time_work\NACAS\Job\Arafura\z6a\IX-12-49807_0057_1463.JPG,1462
C:\Personal\Masters\Part_time_work\NACAS\Job\Arafura\z6a\IX-12-49807_0057_1464.JPG,1463
C:\Personal\Masters\Part_time_work\NACAS\Job\Arafura\z6a\IX-12-49807_0057_1465.JPG,1464
C:\Personal\Masters\Part_time_work\NACAS\Job\Arafura\z6a\IX-12-49807_0057_1466.JPG,1465
C:\Personal\Masters\Part_time_work\NACAS\Job\Arafura\z6a\IX-12-49807_0057_1467.JPG,1466
C:\Personal\Masters\Part_time_work\NACAS\Job\Arafura\z6a\IX-12-49807_0057_1468.JPG,1467
C:\Personal\Masters\Part_time_work\NACAS\Job\Arafura\z6a\IX-12-49807_0057_1469.JPG,1468
C:\Personal\Masters\Part_time_work\NACAS\Job\Arafura\z6a\IX-12-49807_0057_1470.JPG,1469
C:\Personal\Masters\Part_time_work\NACAS\Job\Arafura\z6a\IX-12-49807_0057_1471.JPG,1470
C:\Personal\Masters\Part_time_work\NACAS\Job\Arafura\z6a\IX-12-49807_0057_1472.JPG,1471
C:\Personal\Masters\Part_time_work\NACAS\Job\Arafura\z6a\IX-12-49807_0057_1473.JPG,1472
C:\Personal\Masters\Part_time_work\NACAS\Job\Arafura\z6a\IX-12-49807_0057_1474.JPG,1473
C:\Personal\Masters\Part_time_work\NACAS\Job\Arafura\z6a\IX-12-49807_0057_1475.JPG,1474
C:\Personal\Masters\Part_time_work\NACAS\Job\Arafura\z6a\IX-12-49807_0057_1476.JPG,1475
C:\Personal\Masters\Part_time_work\NACAS\Job\Arafura\z6a\IX-12-49807_0057_1477.JPG,1476
C:\Personal\Masters\Part_time_work\NACAS\Job\Arafura\z6a\IX-12-49807_0057_1478.JPG,1477
C:\Personal\Masters\Part_time_work\NACAS\Job\Arafura\z6a\IX-12-49807_0057_1479.JPG,1478
C:\Personal\Masters\Part_time_work\NACAS\Job\Arafura\z6a\IX-12-49807_0057_1480.JPG,1479
C:\Personal\Masters\Part_time_work\NACAS\Job\Arafura\z6a\IX-12-49807_0057_1481.JPG,1480
C:\Personal\Masters\Part_time_work\NACAS\Job\Arafura\z6a\IX-12-49807_0057_1482.JPG,1481
C:\Personal\Masters\Part_time_work\NACAS\Job\Arafura\z6a\IX-12-49807_0057_1483.JPG,1482
C:\Personal\Masters\Part_time_work\NACAS\Job\Arafura\z6a\IX-12-49807_0057_1484.JPG,1483
C:\Personal\Masters\Part_time_work\NACAS\Job\Arafura\z6a\IX-12-49807_0057_1485.JPG,1484
C:\Personal\Masters\Part_time_work\NACAS\Job\Arafura\z6a\IX-12-49807_0057_1486.JPG,1485
C:\Personal\Masters\Part_time_work\NACAS\Job\Arafura\z6a\IX-12-49807_0057_1487.JPG,1486
C:\Personal\Masters\Part_time_work\NACAS\Job\Arafura\z6a\IX-12-49807_0057_1488.JPG,1487
C:\Personal\Masters\Part_time_work\NACAS\Job\Arafura\z6a\IX-12-49807_0057_1489.JPG,1488
C:\Personal\Masters\Part_time_work\NACAS\Job\Arafura\z6a\IX-12-49807_0057_1490.JPG,1489
C:\Personal\Masters\Part_time_work\NACAS\Job\Arafura\z6a\IX-12-49807_0057_1491.JPG,1490
C:\Personal\Masters\Part_time_work\NACAS\Job\Arafura\z6a\IX-12-49807_0057_1492.JPG,1491
C:\Personal\Masters\Part_time_work\NACAS\Job\Arafura\z6a\IX-12-49807_0057_1493.JPG,1492
C:\Personal\Masters\Part_time_work\NACAS\Job\Arafura\z6a\IX-12-49807_0057_1494.JPG,1493
C:\Personal\Masters\Part_time_work\NACAS\Job\Arafura\z6a\IX-12-49807_0057_1495.JPG,1494
C:\Personal\Masters\Part_time_work\NACAS\Job\Arafura\z6a\IX-12-49807_0057_1496.JPG,1495
C:\Personal\Masters\Part_time_work\NACAS\Job\Arafura\z6a\IX-12-49807_0057_1497.JPG,1496
C:\Personal\Masters\Part_time_work\NACAS\Job\Arafura\z6a\IX-12-49807_0057_1498.JPG,1497
C:\Personal\Masters\Part_time_work\NACAS\Job\Arafura\z6a\IX-12-49807_0057_1499.JPG,1498
C:\Personal\Masters\Part_time_work\NACAS\Job\Arafura\z6a\IX-12-49807_0057_1500.JPG,1499
C:\Personal\Masters\Part_time_work\NACAS\Job\Arafura\z6a\IX-12-49807_0057_1501.JPG,1500
C:\Personal\Masters\Part_time_work\NACAS\Job\Arafura\z6a\IX-12-49807_0057_1502.JPG,1501
C:\Personal\Masters\Part_time_work\NACAS\Job\Arafura\z6a\IX-12-49807_0057_1503.JPG,1502
C:\Personal\Masters\Part_time_work\NACAS\Job\Arafura\z6a\IX-12-49807_0057_1504.JPG,1503
C:\Personal\Masters\Part_time_work\NACAS\Job\Arafura\z6a\IX-12-49807_0057_1505.JPG,1504
C:\Personal\Masters\Part_time_work\NACAS\Job\Arafura\z6a\IX-12-49807_0057_1506.JPG,1505
C:\Personal\Masters\Part_time_work\NACAS\Job\Arafura\z6a\IX-12-49807_0057_1507.JPG,1506
C:\Personal\Masters\Part_time_work\NACAS\Job\Arafura\z6a\IX-12-49807_0057_1508.JPG,1507
C:\Personal\Masters\Part_time_work\NACAS\Job\Arafura\z6a\IX-12-49807_0057_1509.JPG,1508
C:\Personal\Masters\Part_time_work\NACAS\Job\Arafura\z6a\IX-12-49807_0057_1510.JPG,1509
C:\Personal\Masters\Part_time_work\NACAS\Job\Arafura\z6a\IX-12-49807_0057_1511.JPG,1510
C:\Personal\Masters\Part_time_work\NACAS\Job\Arafura\z6a\IX-12-49807_0057_1512.JPG,1511
C:\Personal\Masters\Part_time_work\NACAS\Job\Arafura\z6a\IX-12-49807_0057_1513.JPG,1512
C:\Personal\Masters\Part_time_work\NACAS\Job\Arafura\z6a\IX-12-49807_0057_1514.JPG,1513
C:\Personal\Masters\Part_time_work\NACAS\Job\Arafura\z6a\IX-12-49807_0057_1515.JPG,1514
C:\Personal\Masters\Part_time_work\NACAS\Job\Arafura\z6a\IX-12-49807_0057_1516.JPG,1515
C:\Personal\Masters\Part_time_work\NACAS\Job\Arafura\z6a\IX-12-49807_0057_1517.JPG,1516
C:\Personal\Masters\Part_time_work\NACAS\Job\Arafura\z6a\IX-12-49807_0057_1518.JPG,1517
C:\Personal\Masters\Part_time_work\NACAS\Job\Arafura\z6a\IX-12-49807_0057_1519.JPG,1518
C:\Personal\Masters\Part_time_work\NACAS\Job\Arafura\z6a\IX-12-49807_0057_1520.JPG,1519
C:\Personal\Masters\Part_time_work\NACAS\Job\Arafura\z6a\IX-12-49807_0057_1521.JPG,1520
C:\Personal\Masters\Part_time_work\NACAS\Job\Arafura\z6a\IX-12-49807_0057_1522.JPG,1521
C:\Personal\Masters\Part_time_work\NACAS\Job\Arafura\z6a\IX-12-49807_0057_1523.JPG,1522
C:\Personal\Masters\Part_time_work\NACAS\Job\Arafura\z6a\IX-12-49807_0057_1524.JPG,1523
C:\Personal\Masters\Part_time_work\NACAS\Job\Arafura\z6a\IX-12-49807_0057_1525.JPG,1524
C:\Personal\Masters\Part_time_work\NACAS\Job\Arafura\z6a\IX-12-49807_0057_1526.JPG,1525
C:\Personal\Masters\Part_time_work\NACAS\Job\Arafura\z6a\IX-12-49807_0057_1527.JPG,1526
C:\Personal\Masters\Part_time_work\NACAS\Job\Arafura\z6a\IX-12-49807_0057_1528.JPG,1527
C:\Personal\Masters\Part_time_work\NACAS\Job\Arafura\z6a\IX-12-49807_0057_1529.JPG,1528
C:\Personal\Masters\Part_time_work\NACAS\Job\Arafura\z6a\IX-12-49807_0057_1530.JPG,1529
C:\Personal\Masters\Part_time_work\NACAS\Job\Arafura\z6a\IX-12-49807_0057_1531.JPG,1530
C:\Personal\Masters\Part_time_work\NACAS\Job\Arafura\z6a\IX-12-49807_0057_1532.JPG,1531
C:\Personal\Masters\Part_time_work\NACAS\Job\Arafura\z6a\IX-12-49807_0057_1533.JPG,1532
C:\Personal\Masters\Part_time_work\NACAS\Job\Arafura\z6a\IX-12-49807_0057_1534.JPG,1533
C:\Personal\Masters\Part_time_work\NACAS\Job\Arafura\z6a\IX-12-49807_0057_1535.JPG,1534
C:\Personal\Masters\Part_time_work\NACAS\Job\Arafura\z6a\IX-12-49807_0057_1536.JPG,1535
C:\Personal\Masters\Part_time_work\NACAS\Job\Arafura\z6a\IX-12-49807_0057_1537.JPG,1536
C:\Personal\Masters\Part_time_work\NACAS\Job\Arafura\z6a\IX-12-49807_0057_1538.JPG,1537
C:\Personal\Masters\Part_time_work\NACAS\Job\Arafura\z6a\IX-12-49807_0057_1539.JPG,1538
C:\Personal\Masters\Part_time_work\NACAS\Job\Arafura\z6a\IX-12-49807_0057_1540.JPG,1539
C:\Personal\Masters\Part_time_work\NACAS\Job\Arafura\z6a\IX-12-49807_0057_1541.JPG,1540
C:\Personal\Masters\Part_time_work\NACAS\Job\Arafura\z6a\IX-12-49807_0057_1542.JPG,1541
C:\Personal\Masters\Part_time_work\NACAS\Job\Arafura\z6a\IX-12-49807_0057_1543.JPG,1542
C:\Personal\Masters\Part_time_work\NACAS\Job\Arafura\z6a\IX-12-49807_0057_1544.JPG,1543
C:\Personal\Masters\Part_time_work\NACAS\Job\Arafura\z6a\IX-12-49807_0057_1545.JPG,1544
C:\Personal\Masters\Part_time_work\NACAS\Job\Arafura\z6a\IX-12-49807_0057_1546.JPG,1545
C:\Personal\Masters\Part_time_work\NACAS\Job\Arafura\z6a\IX-12-49807_0057_1547.JPG,1546
C:\Personal\Masters\Part_time_work\NACAS\Job\Arafura\z6a\IX-12-49807_0057_1548.JPG,1547
C:\Personal\Masters\Part_time_work\NACAS\Job\Arafura\z6a\IX-12-49807_0057_1549.JPG,1548
C:\Personal\Masters\Part_time_work\NACAS\Job\Arafura\z6a\IX-12-49807_0057_1550.JPG,1549
C:\Personal\Masters\Part_time_work\NACAS\Job\Arafura\z6a\IX-12-49807_0057_1551.JPG,1550
C:\Personal\Masters\Part_time_work\NACAS\Job\Arafura\z6a\IX-12-49807_0057_1552.JPG,1551
C:\Personal\Masters\Part_time_work\NACAS\Job\Arafura\z6a\IX-12-49807_0057_1553.JPG,1552
C:\Personal\Masters\Part_time_work\NACAS\Job\Arafura\z6a\IX-12-49807_0057_1554.JPG,1553
C:\Personal\Masters\Part_time_work\NACAS\Job\Arafura\z6a\IX-12-49807_0057_1555.JPG,1554
C:\Personal\Masters\Part_time_work\NACAS\Job\Arafura\z6a\IX-12-49807_0057_1556.JPG,1555
C:\Personal\Masters\Part_time_work\NACAS\Job\Arafura\z6a\IX-12-49807_0057_1557.JPG,1556
C:\Personal\Masters\Part_time_work\NACAS\Job\Arafura\z6a\IX-12-49807_0057_1558.JPG,1557
C:\Personal\Masters\Part_time_work\NACAS\Job\Arafura\z6a\IX-12-49807_0057_1559.JPG,1558
C:\Personal\Masters\Part_time_work\NACAS\Job\Arafura\z6a\IX-12-49807_0057_1560.JPG,1559
C:\Personal\Masters\Part_time_work\NACAS\Job\Arafura\z6a\IX-12-49807_0057_1561.JPG,1560
C:\Personal\Masters\Part_time_work\NACAS\Job\Arafura\z6a\IX-12-49807_0057_1562.JPG,1561
C:\Personal\Masters\Part_time_work\NACAS\Job\Arafura\z6a\IX-12-49807_0057_1563.JPG,1562
C:\Personal\Masters\Part_time_work\NACAS\Job\Arafura\z6a\IX-12-49807_0057_1564.JPG,1563
C:\Personal\Masters\Part_time_work\NACAS\Job\Arafura\z6a\IX-12-49807_0057_1565.JPG,1564
C:\Personal\Masters\Part_time_work\NACAS\Job\Arafura\z6a\IX-12-49807_0057_1566.JPG,1565
C:\Personal\Masters\Part_time_work\NACAS\Job\Arafura\z6a\IX-12-49807_0057_1567.JPG,1566
C:\Personal\Masters\Part_time_work\NACAS\Job\Arafura\z6a\IX-12-49807_0057_1568.JPG,1567
C:\Personal\Masters\Part_time_work\NACAS\Job\Arafura\z6a\IX-12-49807_0057_1569.JPG,1568
C:\Personal\Masters\Part_time_work\NACAS\Job\Arafura\z6a\IX-12-49807_0057_1570.JPG,1569
C:\Personal\Masters\Part_time_work\NACAS\Job\Arafura\z6a\IX-12-49807_0057_1571.JPG,1570
C:\Personal\Masters\Part_time_work\NACAS\Job\Arafura\z6a\IX-12-49807_0057_1572.JPG,1571
C:\Personal\Masters\Part_time_work\NACAS\Job\Arafura\z6a\IX-12-49807_0057_1573.JPG,1572
C:\Personal\Masters\Part_time_work\NACAS\Job\Arafura\z6a\IX-12-49807_0057_1574.JPG,1573
C:\Personal\Masters\Part_time_work\NACAS\Job\Arafura\z6a\IX-12-49807_0057_1575.JPG,1574
C:\Personal\Masters\Part_time_work\NACAS\Job\Arafura\z6a\IX-12-49807_0057_1576.JPG,1575
C:\Personal\Masters\Part_time_work\NACAS\Job\Arafura\z6a\IX-12-49807_0057_1577.JPG,1576
C:\Personal\Masters\Part_time_work\NACAS\Job\Arafura\z6a\IX-12-49807_0057_1578.JPG,1577
C:\Personal\Masters\Part_time_work\NACAS\Job\Arafura\z6a\IX-12-49807_0057_1579.JPG,1578
C:\Personal\Masters\Part_time_work\NACAS\Job\Arafura\z6a\IX-12-49807_0057_1580.JPG,1579
C:\Personal\Masters\Part_time_work\NACAS\Job\Arafura\z6a\IX-12-49807_0057_1581.JPG,1580
C:\Personal\Masters\Part_time_work\NACAS\Job\Arafura\z6a\IX-12-49807_0057_1582.JPG,1581
C:\Personal\Masters\Part_time_work\NACAS\Job\Arafura\z6a\IX-12-49807_0057_1583.JPG,1582
C:\Personal\Masters\Part_time_work\NACAS\Job\Arafura\z6a\IX-12-49807_0057_1584.JPG,1583
C:\Personal\Masters\Part_time_work\NACAS\Job\Arafura\z6a\IX-12-49807_0057_1585.JPG,1584
C:\Personal\Masters\Part_time_work\NACAS\Job\Arafura\z6a\IX-12-49807_0057_1586.JPG,1585
C:\Personal\Masters\Part_time_work\NACAS\Job\Arafura\z6a\IX-12-49807_0057_1587.JPG,1586
C:\Personal\Masters\Part_time_work\NACAS\Job\Arafura\z6a\IX-12-49807_0057_1588.JPG,1587
C:\Personal\Masters\Part_time_work\NACAS\Job\Arafura\z6a\IX-12-49807_0057_1589.JPG,1588
C:\Personal\Masters\Part_time_work\NACAS\Job\Arafura\z6a\IX-12-49807_0057_1590.JPG,1589
C:\Personal\Masters\Part_time_work\NACAS\Job\Arafura\z6a\IX-12-49807_0057_1591.JPG,1590
C:\Personal\Masters\Part_time_work\NACAS\Job\Arafura\z6a\IX-12-49807_0057_1592.JPG,1591
C:\Personal\Masters\Part_time_work\NACAS\Job\Arafura\z6a\IX-12-49807_0057_1593.JPG,1592
C:\Personal\Masters\Part_time_work\NACAS\Job\Arafura\z6a\IX-12-49807_0057_1594.JPG,1593
C:\Personal\Masters\Part_time_work\NACAS\Job\Arafura\z6a\IX-12-49807_0057_1595.JPG,1594
C:\Personal\Masters\Part_time_work\NACAS\Job\Arafura\z6a\IX-12-49807_0057_1596.JPG,1595
C:\Personal\Masters\Part_time_work\NACAS\Job\Arafura\z6a\IX-12-49807_0057_1597.JPG,1596
C:\Personal\Masters\Part_time_work\NACAS\Job\Arafura\z6a\IX-12-49807_0057_1598.JPG,1597
C:\Personal\Masters\Part_time_work\NACAS\Job\Arafura\z6a\IX-12-49807_0057_1599.JPG,1598
C:\Personal\Masters\Part_time_work\NACAS\Job\Arafura\z6a\IX-12-49807_0057_1600.JPG,1599
C:\Personal\Masters\Part_time_work\NACAS\Job\Arafura\z6a\IX-12-49807_0057_1601.JPG,1600
C:\Personal\Masters\Part_time_work\NACAS\Job\Arafura\z6a\IX-12-49807_0057_1602.JPG,1601
C:\Personal\Masters\Part_time_work\NACAS\Job\Arafura\z6a\IX-12-49807_0057_1603.JPG,1602
C:\Personal\Masters\Part_time_work\NACAS\Job\Arafura\z6a\IX-12-49807_0057_1604.JPG,1603
C:\Personal\Masters\Part_time_work\NACAS\Job\Arafura\z6a\IX-12-49807_0057_1605.JPG,1604
C:\Personal\Masters\Part_time_work\NACAS\Job\Arafura\z6a\IX-12-49807_0057_1606.JPG,1605
C:\Personal\Masters\Part_time_work\NACAS\Job\Arafura\z6a\IX-12-49807_0057_1607.JPG,1606
C:\Personal\Masters\Part_time_work\NACAS\Job\Arafura\z6a\IX-12-49807_0057_1608.JPG,1607
C:\Personal\Masters\Part_time_work\NACAS\Job\Arafura\z6a\IX-12-49807_0057_1609.JPG,1608
C:\Personal\Masters\Part_time_work\NACAS\Job\Arafura\z6a\IX-12-49807_0057_1610.JPG,1609
C:\Personal\Masters\Part_time_work\NACAS\Job\Arafura\z6a\IX-12-49807_0057_1611.JPG,1610
C:\Personal\Masters\Part_time_work\NACAS\Job\Arafura\z6a\IX-12-49807_0057_1612.JPG,1611
C:\Personal\Masters\Part_time_work\NACAS\Job\Arafura\z6a\IX-12-49807_0057_1613.JPG,1612
C:\Personal\Masters\Part_time_work\NACAS\Job\Arafura\z6a\IX-12-49807_0057_1614.JPG,1613
C:\Personal\Masters\Part_time_work\NACAS\Job\Arafura\z6a\IX-12-49807_0057_1615.JPG,1614
C:\Personal\Masters\Part_time_work\NACAS\Job\Arafura\z6a\IX-12-49807_0057_1616.JPG,1615
C:\Personal\Masters\Part_time_work\NACAS\Job\Arafura\z6a\IX-12-49807_0057_1617.JPG,1616
C:\Personal\Masters\Part_time_work\NACAS\Job\Arafura\z6a\IX-12-49807_0057_1618.JPG,1617
C:\Personal\Masters\Part_time_work\NACAS\Job\Arafura\z6a\IX-12-49807_0057_1619.JPG,1618
C:\Personal\Masters\Part_time_work\NACAS\Job\Arafura\z6a\IX-12-49807_0057_1620.JPG,1619
C:\Personal\Masters\Part_time_work\NACAS\Job\Arafura\z6a\IX-12-49807_0057_1621.JPG,1620
C:\Personal\Masters\Part_time_work\NACAS\Job\Arafura\z6a\IX-12-49807_0057_1622.JPG,1621
C:\Personal\Masters\Part_time_work\NACAS\Job\Arafura\z6a\IX-12-49807_0057_1623.JPG,1622
C:\Personal\Masters\Part_time_work\NACAS\Job\Arafura\z6a\IX-12-49807_0057_1624.JPG,1623
C:\Personal\Masters\Part_time_work\NACAS\Job\Arafura\z6a\IX-12-49807_0057_1625.JPG,1624
C:\Personal\Masters\Part_time_work\NACAS\Job\Arafura\z6a\IX-12-49807_0057_1626.JPG,1625
C:\Personal\Masters\Part_time_work\NACAS\Job\Arafura\z6a\IX-12-49807_0057_1627.JPG,1626
C:\Personal\Masters\Part_time_work\NACAS\Job\Arafura\z6a\IX-12-49807_0057_1628.JPG,1627
C:\Personal\Masters\Part_time_work\NACAS\Job\Arafura\z6a\IX-12-49807_0057_1629.JPG,1628
C:\Personal\Masters\Part_time_work\NACAS\Job\Arafura\z6a\IX-12-49807_0057_1630.JPG,1629
C:\Personal\Masters\Part_time_work\NACAS\Job\Arafura\z6a\IX-12-49807_0057_1631.JPG,1630
C:\Personal\Masters\Part_time_work\NACAS\Job\Arafura\z6a\IX-12-49807_0057_1632.JPG,1631
C:\Personal\Masters\Part_time_work\NACAS\Job\Arafura\z6a\IX-12-49807_0057_1633.JPG,1632
C:\Personal\Masters\Part_time_work\NACAS\Job\Arafura\z6a\IX-12-49807_0057_1634.JPG,1633
C:\Personal\Masters\Part_time_work\NACAS\Job\Arafura\z6a\IX-12-49807_0057_1635.JPG,1634
C:\Personal\Masters\Part_time_work\NACAS\Job\Arafura\z6a\IX-12-49807_0057_1636.JPG,1635
C:\Personal\Masters\Part_time_work\NACAS\Job\Arafura\z6a\IX-12-49807_0057_1637.JPG,1636
C:\Personal\Masters\Part_time_work\NACAS\Job\Arafura\z6a\IX-12-49807_0057_1638.JPG,1637
C:\Personal\Masters\Part_time_work\NACAS\Job\Arafura\z6a\IX-12-49807_0057_1639.JPG,1638
C:\Personal\Masters\Part_time_work\NACAS\Job\Arafura\z6a\IX-12-49807_0057_1640.JPG,1639
C:\Personal\Masters\Part_time_work\NACAS\Job\Arafura\z6a\IX-12-49807_0057_1641.JPG,1640
C:\Personal\Masters\Part_time_work\NACAS\Job\Arafura\z6a\IX-12-49807_0057_1642.JPG,1641
C:\Personal\Masters\Part_time_work\NACAS\Job\Arafura\z6a\IX-12-49807_0057_1643.JPG,1642
C:\Personal\Masters\Part_time_work\NACAS\Job\Arafura\z6a\IX-12-49807_0057_1644.JPG,1643
C:\Personal\Masters\Part_time_work\NACAS\Job\Arafura\z6a\IX-12-49807_0057_1645.JPG,1644
C:\Personal\Masters\Part_time_work\NACAS\Job\Arafura\z6a\IX-12-49807_0057_1646.JPG,1645
C:\Personal\Masters\Part_time_work\NACAS\Job\Arafura\z6a\IX-12-49807_0057_1647.JPG,1646
C:\Personal\Masters\Part_time_work\NACAS\Job\Arafura\z6a\IX-12-49807_0057_1648.JPG,1647
C:\Personal\Masters\Part_time_work\NACAS\Job\Arafura\z6a\IX-12-49807_0057_1649.JPG,1648
C:\Personal\Masters\Part_time_work\NACAS\Job\Arafura\z6a\IX-12-49807_0057_1650.JPG,1649
C:\Personal\Masters\Part_time_work\NACAS\Job\Arafura\z6a\IX-12-49807_0057_1651.JPG,1650
C:\Personal\Masters\Part_time_work\NACAS\Job\Arafura\z6a\IX-12-49807_0057_1652.JPG,1651
C:\Personal\Masters\Part_time_work\NACAS\Job\Arafura\z6a\IX-12-49807_0057_1653.JPG,1652
C:\Personal\Masters\Part_time_work\NACAS\Job\Arafura\z6a\IX-12-49807_0057_1654.JPG,1653
C:\Personal\Masters\Part_time_work\NACAS\Job\Arafura\z6a\IX-12-49807_0057_1655.JPG,1654
C:\Personal\Masters\Part_time_work\NACAS\Job\Arafura\z6a\IX-12-49807_0057_1656.JPG,1655
C:\Personal\Masters\Part_time_work\NACAS\Job\Arafura\z6a\IX-12-49807_0057_1657.JPG,1656
C:\Personal\Masters\Part_time_work\NACAS\Job\Arafura\z6a\IX-12-49807_0057_1658.JPG,1657
C:\Personal\Masters\Part_time_work\NACAS\Job\Arafura\z6a\IX-12-49807_0057_1659.JPG,1658
C:\Personal\Masters\Part_time_work\NACAS\Job\Arafura\z6a\IX-12-49807_0057_1660.JPG,1659
C:\Personal\Masters\Part_time_work\NACAS\Job\Arafura\z6a\IX-12-49807_0057_1661.JPG,1660
C:\Personal\Masters\Part_time_work\NACAS\Job\Arafura\z6a\IX-12-49807_0057_1662.JPG,1661
C:\Personal\Masters\Part_time_work\NACAS\Job\Arafura\z6a\IX-12-49807_0057_1663.JPG,1662
C:\Personal\Masters\Part_time_work\NACAS\Job\Arafura\z6a\IX-12-49807_0057_1664.JPG,1663
C:\Personal\Masters\Part_time_work\NACAS\Job\Arafura\z6a\IX-12-49807_0057_1665.JPG,1664
C:\Personal\Masters\Part_time_work\NACAS\Job\Arafura\z6a\IX-12-49807_0057_1666.JPG,1665
C:\Personal\Masters\Part_time_work\NACAS\Job\Arafura\z6a\IX-12-49807_0057_1667.JPG,1666
C:\Personal\Masters\Part_time_work\NACAS\Job\Arafura\z6a\IX-12-49807_0057_1668.JPG,1667
C:\Personal\Masters\Part_time_work\NACAS\Job\Arafura\z6a\IX-12-49807_0057_1669.JPG,1668
C:\Personal\Masters\Part_time_work\NACAS\Job\Arafura\z6a\IX-12-49807_0057_1670.JPG,1669
C:\Personal\Masters\Part_time_work\NACAS\Job\Arafura\z6a\IX-12-49807_0057_1671.JPG,1670
C:\Personal\Masters\Part_time_work\NACAS\Job\Arafura\z6a\IX-12-49807_0057_1672.JPG,1671
C:\Personal\Masters\Part_time_work\NACAS\Job\Arafura\z6a\IX-12-49807_0057_1673.JPG,1672
C:\Personal\Masters\Part_time_work\NACAS\Job\Arafura\z6a\IX-12-49807_0057_1674.JPG,1673
C:\Personal\Masters\Part_time_work\NACAS\Job\Arafura\z6a\IX-12-49807_0057_1675.JPG,1674
C:\Personal\Masters\Part_time_work\NACAS\Job\Arafura\z6a\IX-12-49807_0057_1676.JPG,1675
C:\Personal\Masters\Part_time_work\NACAS\Job\Arafura\z6a\IX-12-49807_0057_1677.JPG,1676
C:\Personal\Masters\Part_time_work\NACAS\Job\Arafura\z6a\IX-12-49807_0057_1678.JPG,1677
C:\Personal\Masters\Part_time_work\NACAS\Job\Arafura\z6a\IX-12-49807_0057_1679.JPG,1678
C:\Personal\Masters\Part_time_work\NACAS\Job\Arafura\z6a\IX-12-49807_0057_1680.JPG,1679
C:\Personal\Masters\Part_time_work\NACAS\Job\Arafura\z6a\IX-12-49807_0057_1681.JPG,1680
C:\Personal\Masters\Part_time_work\NACAS\Job\Arafura\z6a\IX-12-49807_0057_1682.JPG,1681
C:\Personal\Masters\Part_time_work\NACAS\Job\Arafura\z6a\IX-12-49807_0057_1683.JPG,1682
